,role,skill,job_count,role_job_count,skill_demand_pct,requirement_level
963,Android Developer,java,12,16,75.0,Core
964,Android Developer,kotlin,10,16,62.5,Core
965,Android Developer,android development,7,16,43.75,Common
966,Android Developer,agile,6,16,37.5,Common
967,Android Developer,communication,5,16,31.25,Common
968,Android Developer,git,5,16,31.25,Common
969,Android Developer,design patterns,5,16,31.25,Common
970,Android Developer,scrum,3,16,18.75,Supporting
971,Android Developer,sqlite,3,16,18.75,Supporting
972,Android Developer,go,3,16,18.75,Supporting
973,Android Developer,react native,3,16,18.75,Supporting
974,Android Developer,react,3,16,18.75,Supporting
975,Android Developer,unit testing,2,16,12.5,Supporting
976,Android Developer,soap,2,16,12.5,Supporting
977,Android Developer,c,2,16,12.5,Supporting
978,Android Developer,gitlab,1,16,6.25,Supporting
979,Android Developer,ci/cd,1,16,6.25,Supporting
980,Android Developer,encryption,1,16,6.25,Supporting
981,Android Developer,python,1,16,6.25,Supporting
982,Android Developer,system design,1,16,6.25,Supporting
983,Android Developer,linux,1,16,6.25,Supporting
984,Android Developer,rtos,1,16,6.25,Supporting
985,Android Developer,teamwork,1,16,6.25,Supporting
986,Android Developer,waterfall,1,16,6.25,Supporting
987,Android Developer,spring boot,1,16,6.25,Supporting
988,Android Developer,angular,1,16,6.25,Supporting
989,Android Developer,jenkins,1,16,6.25,Supporting
990,Android Developer,jira,1,16,6.25,Supporting
991,Android Developer,svn,1,16,6.25,Supporting
992,Android Developer,flutter,1,16,6.25,Supporting
993,Android Developer,swift,1,16,6.25,Supporting
994,Android Developer,leadership,1,16,6.25,Supporting
995,Android Developer,problem solving,1,16,6.25,Supporting
996,Android Developer,collaboration,1,16,6.25,Supporting
997,Android Developer,integration testing,1,16,6.25,Supporting
998,Android Developer,data structures and algorithms,1,16,6.25,Supporting
999,Android Developer,github,1,16,6.25,Supporting
1000,Android Developer,ui design,1,16,6.25,Supporting
1001,Android Developer,sql,1,16,6.25,Supporting
1002,Android Developer,rest api,1,16,6.25,Supporting
1061,Application Developer,communication,9,18,50.0,Core
1062,Application Developer,sql,7,18,38.88888888888889,Common
1063,Application Developer,java,7,18,38.88888888888889,Common
1064,Application Developer,oracle,6,18,33.33333333333333,Common
1065,Application Developer,javascript,6,18,33.33333333333333,Common
1066,Application Developer,css,6,18,33.33333333333333,Common
1067,Application Developer,c,5,18,27.77777777777778,Common
1068,Application Developer,go,5,18,27.77777777777778,Common
1069,Application Developer,html,4,18,22.22222222222222,Common
1070,Application Developer,python,4,18,22.22222222222222,Common
1071,Application Developer,angular,3,18,16.666666666666664,Supporting
1072,Application Developer,leadership,3,18,16.666666666666664,Supporting
1073,Application Developer,mongodb,3,18,16.666666666666664,Supporting
1074,Application Developer,collaboration,3,18,16.666666666666664,Supporting
1075,Application Developer,excel,3,18,16.666666666666664,Supporting
1076,Application Developer,agile,3,18,16.666666666666664,Supporting
1077,Application Developer,object-oriented programming,2,18,11.11111111111111,Supporting
1078,Application Developer,apache,2,18,11.11111111111111,Supporting
1079,Application Developer,mysql,2,18,11.11111111111111,Supporting
1080,Application Developer,apache spark,2,18,11.11111111111111,Supporting
1081,Application Developer,r,2,18,11.11111111111111,Supporting
1082,Application Developer,typescript,1,18,5.555555555555555,Supporting
1083,Application Developer,asp.net,1,18,5.555555555555555,Supporting
1084,Application Developer,time management,1,18,5.555555555555555,Supporting
1085,Application Developer,react native,1,18,5.555555555555555,Supporting
1086,Application Developer,react,1,18,5.555555555555555,Supporting
1087,Application Developer,salesforce,1,18,5.555555555555555,Supporting
1088,Application Developer,tableau,1,18,5.555555555555555,Supporting
1089,Application Developer,scrum,1,18,5.555555555555555,Supporting
1090,Application Developer,swift,1,18,5.555555555555555,Supporting
1091,Application Developer,machine learning,1,18,5.555555555555555,Supporting
1092,Application Developer,git,1,18,5.555555555555555,Supporting
1093,Application Developer,problem solving,1,18,5.555555555555555,Supporting
1094,Application Developer,php,1,18,5.555555555555555,Supporting
1095,Application Developer,critical thinking,1,18,5.555555555555555,Supporting
1096,Application Developer,power bi,1,18,5.555555555555555,Supporting
1097,Application Developer,graphql,1,18,5.555555555555555,Supporting
1098,Application Developer,postman,1,18,5.555555555555555,Supporting
1099,Application Developer,github,1,18,5.555555555555555,Supporting
1100,Application Developer,heroku,1,18,5.555555555555555,Supporting
1101,Application Developer,less,1,18,5.555555555555555,Supporting
1102,Application Developer,ci/cd,1,18,5.555555555555555,Supporting
1103,Application Developer,postgresql,1,18,5.555555555555555,Supporting
1175,Application Engineer,communication,13,25,52.0,Core
1176,Application Engineer,leadership,11,25,44.0,Common
1177,Application Engineer,problem solving,10,25,40.0,Common
1178,Application Engineer,excel,4,25,16.0,Supporting
1179,Application Engineer,decision making,3,25,12.0,Supporting
1180,Application Engineer,presentation skills,3,25,12.0,Supporting
1181,Application Engineer,windows,2,25,8.0,Supporting
1182,Application Engineer,time management,2,25,8.0,Supporting
1183,Application Engineer,oracle,2,25,8.0,Supporting
1184,Application Engineer,system design,1,25,4.0,Rare
1185,Application Engineer,visual basic,1,25,4.0,Rare
1186,Application Engineer,power bi,1,25,4.0,Rare
1187,Application Engineer,assembly,1,25,4.0,Rare
1188,Application Engineer,sql,1,25,4.0,Rare
1189,Application Engineer,salesforce,1,25,4.0,Rare
1190,Application Engineer,3d modeling,1,25,4.0,Rare
1355,Artificial Intelligence Engineer,python,7,9,77.77777777777779,Core
1356,Artificial Intelligence Engineer,machine learning,6,9,66.66666666666666,Core
1357,Artificial Intelligence Engineer,natural language processing,5,9,55.55555555555556,Core
1358,Artificial Intelligence Engineer,tensorflow,5,9,55.55555555555556,Core
1359,Artificial Intelligence Engineer,communication,4,9,44.44444444444444,Common
1360,Artificial Intelligence Engineer,collaboration,4,9,44.44444444444444,Common
1361,Artificial Intelligence Engineer,artificial intelligence,4,9,44.44444444444444,Common
1362,Artificial Intelligence Engineer,pytorch,4,9,44.44444444444444,Common
1363,Artificial Intelligence Engineer,git,3,9,33.33333333333333,Common
1364,Artificial Intelligence Engineer,ci/cd,3,9,33.33333333333333,Common
1365,Artificial Intelligence Engineer,java,3,9,33.33333333333333,Common
1366,Artificial Intelligence Engineer,c,3,9,33.33333333333333,Common
1367,Artificial Intelligence Engineer,computer vision,3,9,33.33333333333333,Common
1368,Artificial Intelligence Engineer,teamwork,2,9,22.22222222222222,Common
1369,Artificial Intelligence Engineer,databricks,2,9,22.22222222222222,Common
1370,Artificial Intelligence Engineer,data pipelines,2,9,22.22222222222222,Common
1371,Artificial Intelligence Engineer,scala,2,9,22.22222222222222,Common
1372,Artificial Intelligence Engineer,agile,2,9,22.22222222222222,Common
1373,Artificial Intelligence Engineer,network security,2,9,22.22222222222222,Common
1374,Artificial Intelligence Engineer,sql,2,9,22.22222222222222,Common
1375,Artificial Intelligence Engineer,r,2,9,22.22222222222222,Common
1376,Artificial Intelligence Engineer,scikit-learn,2,9,22.22222222222222,Common
1377,Artificial Intelligence Engineer,model deployment,2,9,22.22222222222222,Common
1378,Artificial Intelligence Engineer,javascript,1,9,11.11111111111111,Supporting
1379,Artificial Intelligence Engineer,terraform,1,9,11.11111111111111,Supporting
1380,Artificial Intelligence Engineer,bash,1,9,11.11111111111111,Supporting
1381,Artificial Intelligence Engineer,postgresql,1,9,11.11111111111111,Supporting
1382,Artificial Intelligence Engineer,snowflake,1,9,11.11111111111111,Supporting
1383,Artificial Intelligence Engineer,flask,1,9,11.11111111111111,Supporting
1384,Artificial Intelligence Engineer,object-oriented programming,1,9,11.11111111111111,Supporting
1385,Artificial Intelligence Engineer,mongodb,1,9,11.11111111111111,Supporting
1386,Artificial Intelligence Engineer,gitlab,1,9,11.11111111111111,Supporting
1387,Artificial Intelligence Engineer,redis,1,9,11.11111111111111,Supporting
1388,Artificial Intelligence Engineer,kubernetes,1,9,11.11111111111111,Supporting
1389,Artificial Intelligence Engineer,powershell,1,9,11.11111111111111,Supporting
1390,Artificial Intelligence Engineer,gitlab ci/cd,1,9,11.11111111111111,Supporting
1391,Artificial Intelligence Engineer,django,1,9,11.11111111111111,Supporting
1392,Artificial Intelligence Engineer,docker,1,9,11.11111111111111,Supporting
1393,Artificial Intelligence Engineer,adaptability,1,9,11.11111111111111,Supporting
1394,Artificial Intelligence Engineer,time management,1,9,11.11111111111111,Supporting
1395,Artificial Intelligence Engineer,node.js,1,9,11.11111111111111,Supporting
1396,Artificial Intelligence Engineer,react,1,9,11.11111111111111,Supporting
1397,Artificial Intelligence Engineer,firebase,1,9,11.11111111111111,Supporting
1398,Artificial Intelligence Engineer,leadership,1,9,11.11111111111111,Supporting
1661,Automation Engineer,communication,18,30,60.0,Core
1662,Automation Engineer,python,9,30,30.0,Common
1663,Automation Engineer,assembly,7,30,23.333333333333332,Common
1664,Automation Engineer,leadership,6,30,20.0,Common
1665,Automation Engineer,excel,6,30,20.0,Common
1666,Automation Engineer,ansible,5,30,16.666666666666664,Supporting
1667,Automation Engineer,sql,5,30,16.666666666666664,Supporting
1668,Automation Engineer,windows,4,30,13.333333333333334,Supporting
1669,Automation Engineer,ci/cd,4,30,13.333333333333334,Supporting
1670,Automation Engineer,problem solving,4,30,13.333333333333334,Supporting
1671,Automation Engineer,bash,4,30,13.333333333333334,Supporting
1672,Automation Engineer,powershell,4,30,13.333333333333334,Supporting
1673,Automation Engineer,critical thinking,4,30,13.333333333333334,Supporting
1674,Automation Engineer,linux,3,30,10.0,Supporting
1675,Automation Engineer,c,3,30,10.0,Supporting
1676,Automation Engineer,puppet,3,30,10.0,Supporting
1677,Automation Engineer,visual basic,3,30,10.0,Supporting
1678,Automation Engineer,java,3,30,10.0,Supporting
1679,Automation Engineer,system design,2,30,6.666666666666667,Supporting
1680,Automation Engineer,infrastructure as code,2,30,6.666666666666667,Supporting
1681,Automation Engineer,jenkins,2,30,6.666666666666667,Supporting
1682,Automation Engineer,teamwork,2,30,6.666666666666667,Supporting
1683,Automation Engineer,selenium,2,30,6.666666666666667,Supporting
1684,Automation Engineer,chef,2,30,6.666666666666667,Supporting
1685,Automation Engineer,git,2,30,6.666666666666667,Supporting
1686,Automation Engineer,javascript,1,30,3.3333333333333335,Rare
1687,Automation Engineer,ruby,1,30,3.3333333333333335,Rare
1688,Automation Engineer,github,1,30,3.3333333333333335,Rare
1689,Automation Engineer,tcp/ip,1,30,3.3333333333333335,Rare
1690,Automation Engineer,perl,1,30,3.3333333333333335,Rare
1691,Automation Engineer,terraform,1,30,3.3333333333333335,Rare
1692,Automation Engineer,gitlab,1,30,3.3333333333333335,Rare
1693,Automation Engineer,manual testing,1,30,3.3333333333333335,Rare
1694,Automation Engineer,cypress,1,30,3.3333333333333335,Rare
1695,Automation Engineer,collaboration,1,30,3.3333333333333335,Rare
1696,Automation Engineer,postman,1,30,3.3333333333333335,Rare
1697,Automation Engineer,bitbucket,1,30,3.3333333333333335,Rare
1698,Automation Engineer,kafka,1,30,3.3333333333333335,Rare
1699,Automation Engineer,less,1,30,3.3333333333333335,Rare
1700,Automation Engineer,artificial intelligence,1,30,3.3333333333333335,Rare
1701,Automation Engineer,unix,1,30,3.3333333333333335,Rare
1702,Automation Engineer,docker,1,30,3.3333333333333335,Rare
1703,Automation Engineer,kubernetes,1,30,3.3333333333333335,Rare
1704,Automation Engineer,conflict resolution,1,30,3.3333333333333335,Rare
1705,Automation Engineer,go,1,30,3.3333333333333335,Rare
1706,Automation Engineer,mentoring,1,30,3.3333333333333335,Rare
1796,Azure Cloud Engineer,powershell,5,9,55.55555555555556,Core
1797,Azure Cloud Engineer,windows,4,9,44.44444444444444,Common
1798,Azure Cloud Engineer,communication,4,9,44.44444444444444,Common
1799,Azure Cloud Engineer,terraform,3,9,33.33333333333333,Common
1800,Azure Cloud Engineer,python,2,9,22.22222222222222,Common
1801,Azure Cloud Engineer,linux,2,9,22.22222222222222,Common
1802,Azure Cloud Engineer,firewalls,2,9,22.22222222222222,Common
1803,Azure Cloud Engineer,dns,2,9,22.22222222222222,Common
1804,Azure Cloud Engineer,sql,2,9,22.22222222222222,Common
1805,Azure Cloud Engineer,infrastructure as code,2,9,22.22222222222222,Common
1806,Azure Cloud Engineer,microsoft azure,2,9,22.22222222222222,Common
1807,Azure Cloud Engineer,git,2,9,22.22222222222222,Common
1808,Azure Cloud Engineer,tcp/ip,1,9,11.11111111111111,Supporting
1809,Azure Cloud Engineer,leadership,1,9,11.11111111111111,Supporting
1810,Azure Cloud Engineer,agile,1,9,11.11111111111111,Supporting
1811,Azure Cloud Engineer,oracle,1,9,11.11111111111111,Supporting
1812,Azure Cloud Engineer,sap,1,9,11.11111111111111,Supporting
1813,Azure Cloud Engineer,ansible,1,9,11.11111111111111,Supporting
1814,Azure Cloud Engineer,puppet,1,9,11.11111111111111,Supporting
1815,Azure Cloud Engineer,chef,1,9,11.11111111111111,Supporting
1816,Azure Cloud Engineer,bash,1,9,11.11111111111111,Supporting
1817,Azure Cloud Engineer,collaboration,1,9,11.11111111111111,Supporting
1818,Azure Cloud Engineer,vpn,1,9,11.11111111111111,Supporting
1819,Azure Cloud Engineer,jenkins,1,9,11.11111111111111,Supporting
1820,Azure Cloud Engineer,docker,1,9,11.11111111111111,Supporting
1821,Azure Cloud Engineer,ci/cd,1,9,11.11111111111111,Supporting
1822,Azure Cloud Engineer,kubernetes,1,9,11.11111111111111,Supporting
1823,Azure Cloud Engineer,problem solving,1,9,11.11111111111111,Supporting
1824,Azure Cloud Engineer,etl,1,9,11.11111111111111,Supporting
1836,Azure Data Architect,data pipelines,5,7,71.42857142857143,Core
1837,Azure Data Architect,python,5,7,71.42857142857143,Core
1838,Azure Data Architect,sql,5,7,71.42857142857143,Core
1839,Azure Data Architect,etl,5,7,71.42857142857143,Core
1840,Azure Data Architect,mentoring,5,7,71.42857142857143,Core
1841,Azure Data Architect,communication,4,7,57.14285714285714,Core
1842,Azure Data Architect,data warehousing,4,7,57.14285714285714,Core
1843,Azure Data Architect,databricks,3,7,42.857142857142854,Common
1844,Azure Data Architect,object-oriented programming,2,7,28.57142857142857,Common
1845,Azure Data Architect,postgresql,2,7,28.57142857142857,Common
1846,Azure Data Architect,airflow,1,7,14.285714285714285,Supporting
1847,Azure Data Architect,hive,1,7,14.285714285714285,Supporting
1848,Azure Data Architect,apache,1,7,14.285714285714285,Supporting
1849,Azure Data Architect,hadoop,1,7,14.285714285714285,Supporting
1850,Azure Data Architect,apache spark,1,7,14.285714285714285,Supporting
1851,Azure Data Architect,problem solving,1,7,14.285714285714285,Supporting
1852,Azure Data Architect,collaboration,1,7,14.285714285714285,Supporting
1860,Azure Data Engineer,python,7,7,100.0,Core
1861,Azure Data Engineer,sql,6,7,85.71428571428571,Core
1862,Azure Data Engineer,databricks,5,7,71.42857142857143,Core
1863,Azure Data Engineer,data pipelines,4,7,57.14285714285714,Core
1864,Azure Data Engineer,etl,3,7,42.857142857142854,Common
1865,Azure Data Engineer,communication,2,7,28.57142857142857,Common
1866,Azure Data Engineer,data warehousing,2,7,28.57142857142857,Common
1867,Azure Data Engineer,scala,2,7,28.57142857142857,Common
1868,Azure Data Engineer,machine learning,2,7,28.57142857142857,Common
1869,Azure Data Engineer,collaboration,1,7,14.285714285714285,Supporting
1870,Azure Data Engineer,snowflake,1,7,14.285714285714285,Supporting
1871,Azure Data Engineer,graphql,1,7,14.285714285714285,Supporting
1872,Azure Data Engineer,sap,1,7,14.285714285714285,Supporting
1873,Azure Data Engineer,iot,1,7,14.285714285714285,Supporting
1874,Azure Data Engineer,mlops,1,7,14.285714285714285,Supporting
1875,Azure Data Engineer,ci/cd,1,7,14.285714285714285,Supporting
1876,Azure Data Engineer,leadership,1,7,14.285714285714285,Supporting
1877,Azure Data Engineer,sql server reporting services,1,7,14.285714285714285,Supporting
1878,Azure Data Engineer,dbt,1,7,14.285714285714285,Supporting
1879,Azure Data Engineer,java,1,7,14.285714285714285,Supporting
1903,Azure DevOps Engineer,ci/cd,7,10,70.0,Core
1904,Azure DevOps Engineer,powershell,5,10,50.0,Core
1905,Azure DevOps Engineer,communication,5,10,50.0,Core
1906,Azure DevOps Engineer,infrastructure as code,5,10,50.0,Core
1907,Azure DevOps Engineer,agile,5,10,50.0,Core
1908,Azure DevOps Engineer,kubernetes,4,10,40.0,Common
1909,Azure DevOps Engineer,linux,4,10,40.0,Common
1910,Azure DevOps Engineer,javascript,4,10,40.0,Common
1911,Azure DevOps Engineer,git,4,10,40.0,Common
1912,Azure DevOps Engineer,collaboration,3,10,30.0,Common
1913,Azure DevOps Engineer,windows,3,10,30.0,Common
1914,Azure DevOps Engineer,java,3,10,30.0,Common
1915,Azure DevOps Engineer,angular,3,10,30.0,Common
1916,Azure DevOps Engineer,docker,3,10,30.0,Common
1917,Azure DevOps Engineer,github,2,10,20.0,Common
1918,Azure DevOps Engineer,terraform,2,10,20.0,Common
1919,Azure DevOps Engineer,jenkins,2,10,20.0,Common
1920,Azure DevOps Engineer,microservices,2,10,20.0,Common
1921,Azure DevOps Engineer,node.js,2,10,20.0,Common
1922,Azure DevOps Engineer,microsoft azure,2,10,20.0,Common
1923,Azure DevOps Engineer,time management,2,10,20.0,Common
1924,Azure DevOps Engineer,python,1,10,10.0,Supporting
1925,Azure DevOps Engineer,mentoring,1,10,10.0,Supporting
1926,Azure DevOps Engineer,scrum,1,10,10.0,Supporting
1927,Azure DevOps Engineer,sql,1,10,10.0,Supporting
1928,Azure DevOps Engineer,teamwork,1,10,10.0,Supporting
1929,Azure DevOps Engineer,leadership,1,10,10.0,Supporting
1930,Azure DevOps Engineer,risk management,1,10,10.0,Supporting
1931,Azure DevOps Engineer,mongodb,1,10,10.0,Supporting
1932,Azure DevOps Engineer,gitlab ci/cd,1,10,10.0,Supporting
1933,Azure DevOps Engineer,gitlab,1,10,10.0,Supporting
1934,Azure DevOps Engineer,go,1,10,10.0,Supporting
1935,Azure DevOps Engineer,network security,1,10,10.0,Supporting
1936,Azure DevOps Engineer,dns,1,10,10.0,Supporting
1937,Azure DevOps Engineer,c,1,10,10.0,Supporting
1938,Azure DevOps Engineer,ansible,1,10,10.0,Supporting
1939,Azure DevOps Engineer,bitbucket,1,10,10.0,Supporting
1940,Azure DevOps Engineer,grafana,1,10,10.0,Supporting
1941,Azure DevOps Engineer,react,1,10,10.0,Supporting
1942,Azure DevOps Engineer,bash,1,10,10.0,Supporting
2032,BI Data Engineer,python,5,5,100.0,Core
2033,BI Data Engineer,sql,5,5,100.0,Core
2034,BI Data Engineer,power bi,5,5,100.0,Core
2035,BI Data Engineer,git,4,5,80.0,Core
2036,BI Data Engineer,amazon web services,4,5,80.0,Core
2037,BI Data Engineer,jira,4,5,80.0,Core
2038,BI Data Engineer,unity,4,5,80.0,Core
2039,BI Data Engineer,oracle,1,5,20.0,Common
2040,BI Data Engineer,communication,1,5,20.0,Common
2041,BI Data Engineer,databricks,1,5,20.0,Common
2042,BI Data Engineer,salesforce,1,5,20.0,Common
2043,BI Data Engineer,etl,1,5,20.0,Common
2071,Back End Developer,python,38,52,73.07692307692307,Core
2072,Back End Developer,c,37,52,71.15384615384616,Core
2073,Back End Developer,sql,37,52,71.15384615384616,Core
2074,Back End Developer,javascript,35,52,67.3076923076923,Core
2075,Back End Developer,html,33,52,63.46153846153846,Core
2076,Back End Developer,java,12,52,23.076923076923077,Common
2077,Back End Developer,spring boot,7,52,13.461538461538462,Supporting
2078,Back End Developer,object-oriented programming,7,52,13.461538461538462,Supporting
2079,Back End Developer,agile,6,52,11.538461538461538,Supporting
2080,Back End Developer,microservices,6,52,11.538461538461538,Supporting
2081,Back End Developer,microservices architecture,6,52,11.538461538461538,Supporting
2082,Back End Developer,kotlin,6,52,11.538461538461538,Supporting
2083,Back End Developer,amazon web services,5,52,9.615384615384617,Supporting
2084,Back End Developer,docker,5,52,9.615384615384617,Supporting
2085,Back End Developer,communication,4,52,7.6923076923076925,Supporting
2086,Back End Developer,git,4,52,7.6923076923076925,Supporting
2087,Back End Developer,scrum,3,52,5.769230769230769,Supporting
2088,Back End Developer,github,3,52,5.769230769230769,Supporting
2089,Back End Developer,collaboration,3,52,5.769230769230769,Supporting
2090,Back End Developer,ci/cd,3,52,5.769230769230769,Supporting
2091,Back End Developer,jenkins,2,52,3.8461538461538463,Rare
2092,Back End Developer,linux,2,52,3.8461538461538463,Rare
2093,Back End Developer,react,2,52,3.8461538461538463,Rare
2094,Back End Developer,redis,2,52,3.8461538461538463,Rare
2095,Back End Developer,unit testing,2,52,3.8461538461538463,Rare
2096,Back End Developer,postgresql,2,52,3.8461538461538463,Rare
2097,Back End Developer,typescript,2,52,3.8461538461538463,Rare
2098,Back End Developer,kubernetes,2,52,3.8461538461538463,Rare
2099,Back End Developer,flask,2,52,3.8461538461538463,Rare
2100,Back End Developer,encryption,1,52,1.9230769230769231,Rare
2101,Back End Developer,iot,1,52,1.9230769230769231,Rare
2102,Back End Developer,angular,1,52,1.9230769230769231,Rare
2103,Back End Developer,system design,1,52,1.9230769230769231,Rare
2104,Back End Developer,data structures and algorithms,1,52,1.9230769230769231,Rare
2105,Back End Developer,node.js,1,52,1.9230769230769231,Rare
2106,Back End Developer,risk management,1,52,1.9230769230769231,Rare
2107,Back End Developer,shell scripting,1,52,1.9230769230769231,Rare
2108,Back End Developer,design patterns,1,52,1.9230769230769231,Rare
2109,Back End Developer,graphql,1,52,1.9230769230769231,Rare
2110,Back End Developer,kafka,1,52,1.9230769230769231,Rare
2111,Back End Developer,scala,1,52,1.9230769230769231,Rare
2112,Back End Developer,bigquery,1,52,1.9230769230769231,Rare
2113,Back End Developer,grafana,1,52,1.9230769230769231,Rare
2114,Back End Developer,apache,1,52,1.9230769230769231,Rare
2115,Back End Developer,django,1,52,1.9230769230769231,Rare
2116,Back End Developer,machine learning,1,52,1.9230769230769231,Rare
2117,Back End Developer,data pipelines,1,52,1.9230769230769231,Rare
2118,Back End Developer,mlops,1,52,1.9230769230769231,Rare
2119,Back End Developer,fastapi,1,52,1.9230769230769231,Rare
2120,Back End Developer,go,1,52,1.9230769230769231,Rare
2121,Back End Developer,jira,1,52,1.9230769230769231,Rare
2122,Back End Developer,laravel,1,52,1.9230769230769231,Rare
2123,Back End Developer,macos,1,52,1.9230769230769231,Rare
2124,Back End Developer,windows,1,52,1.9230769230769231,Rare
2125,Back End Developer,php,1,52,1.9230769230769231,Rare
2126,Back End Developer,mysql,1,52,1.9230769230769231,Rare
2127,Back End Developer,c#,1,52,1.9230769230769231,Rare
2128,Back End Developer,etl,1,52,1.9230769230769231,Rare
2348,Business Data Analyst,sql,9,10,90.0,Core
2349,Business Data Analyst,tableau,5,10,50.0,Core
2350,Business Data Analyst,r,5,10,50.0,Core
2351,Business Data Analyst,data visualization,5,10,50.0,Core
2352,Business Data Analyst,communication,4,10,40.0,Common
2353,Business Data Analyst,python,4,10,40.0,Common
2354,Business Data Analyst,excel,4,10,40.0,Common
2355,Business Data Analyst,data pipelines,2,10,20.0,Common
2356,Business Data Analyst,power bi,2,10,20.0,Common
2357,Business Data Analyst,statistics,1,10,10.0,Supporting
2358,Business Data Analyst,collaboration,1,10,10.0,Supporting
2359,Business Data Analyst,machine learning,1,10,10.0,Supporting
2360,Business Data Analyst,problem solving,1,10,10.0,Supporting
2361,Business Data Analyst,presentation skills,1,10,10.0,Supporting
2362,Business Data Analyst,leadership,1,10,10.0,Supporting
2363,Business Data Analyst,teamwork,1,10,10.0,Supporting
2364,Business Data Analyst,critical thinking,1,10,10.0,Supporting
2365,Business Data Analyst,decision making,1,10,10.0,Supporting
2366,Business Data Analyst,databricks,1,10,10.0,Supporting
2422,Business Intelligence Analyst,sql,10,13,76.92307692307693,Core
2423,Business Intelligence Analyst,communication,8,13,61.53846153846154,Core
2424,Business Intelligence Analyst,power bi,7,13,53.84615384615385,Core
2425,Business Intelligence Analyst,python,6,13,46.15384615384615,Common
2426,Business Intelligence Analyst,statistics,5,13,38.46153846153847,Common
2427,Business Intelligence Analyst,excel,5,13,38.46153846153847,Common
2428,Business Intelligence Analyst,etl,4,13,30.76923076923077,Common
2429,Business Intelligence Analyst,tableau,4,13,30.76923076923077,Common
2430,Business Intelligence Analyst,collaboration,3,13,23.076923076923077,Common
2431,Business Intelligence Analyst,r,3,13,23.076923076923077,Common
2432,Business Intelligence Analyst,data visualization,3,13,23.076923076923077,Common
2433,Business Intelligence Analyst,decision making,2,13,15.384615384615385,Supporting
2434,Business Intelligence Analyst,machine learning,2,13,15.384615384615385,Supporting
2435,Business Intelligence Analyst,data pipelines,2,13,15.384615384615385,Supporting
2436,Business Intelligence Analyst,amazon web services,2,13,15.384615384615385,Supporting
2437,Business Intelligence Analyst,go,2,13,15.384615384615385,Supporting
2438,Business Intelligence Analyst,oracle,2,13,15.384615384615385,Supporting
2439,Business Intelligence Analyst,leadership,2,13,15.384615384615385,Supporting
2440,Business Intelligence Analyst,databricks,1,13,7.6923076923076925,Supporting
2441,Business Intelligence Analyst,apache,1,13,7.6923076923076925,Supporting
2442,Business Intelligence Analyst,scala,1,13,7.6923076923076925,Supporting
2443,Business Intelligence Analyst,apache spark,1,13,7.6923076923076925,Supporting
2444,Business Intelligence Analyst,javascript,1,13,7.6923076923076925,Supporting
2445,Business Intelligence Analyst,agile,1,13,7.6923076923076925,Supporting
2446,Business Intelligence Analyst,dynamodb,1,13,7.6923076923076925,Supporting
2447,Business Intelligence Analyst,problem solving,1,13,7.6923076923076925,Supporting
2448,Business Intelligence Analyst,matlab,1,13,7.6923076923076925,Supporting
2449,Business Intelligence Analyst,salesforce,1,13,7.6923076923076925,Supporting
2450,Business Intelligence Analyst,data warehousing,1,13,7.6923076923076925,Supporting
2476,Business Intelligence Consultant,sql,4,5,80.0,Core
2477,Business Intelligence Consultant,power bi,4,5,80.0,Core
2478,Business Intelligence Consultant,communication,3,5,60.0,Core
2479,Business Intelligence Consultant,etl,3,5,60.0,Core
2480,Business Intelligence Consultant,agile,2,5,40.0,Common
2481,Business Intelligence Consultant,excel,1,5,20.0,Common
2482,Business Intelligence Consultant,data visualization,1,5,20.0,Common
2483,Business Intelligence Consultant,tableau,1,5,20.0,Common
2484,Business Intelligence Consultant,microsoft azure,1,5,20.0,Common
2493,Business Intelligence Developer,sql,13,14,92.85714285714286,Core
2494,Business Intelligence Developer,power bi,9,14,64.28571428571429,Core
2495,Business Intelligence Developer,etl,8,14,57.14285714285714,Core
2496,Business Intelligence Developer,tableau,6,14,42.857142857142854,Common
2497,Business Intelligence Developer,data visualization,5,14,35.714285714285715,Common
2498,Business Intelligence Developer,communication,5,14,35.714285714285715,Common
2499,Business Intelligence Developer,python,4,14,28.57142857142857,Common
2500,Business Intelligence Developer,data warehousing,3,14,21.428571428571427,Common
2501,Business Intelligence Developer,snowflake,3,14,21.428571428571427,Common
2502,Business Intelligence Developer,agile,3,14,21.428571428571427,Common
2503,Business Intelligence Developer,r,2,14,14.285714285714285,Supporting
2504,Business Intelligence Developer,collaboration,2,14,14.285714285714285,Supporting
2505,Business Intelligence Developer,excel,2,14,14.285714285714285,Supporting
2506,Business Intelligence Developer,leadership,2,14,14.285714285714285,Supporting
2507,Business Intelligence Developer,oracle,2,14,14.285714285714285,Supporting
2508,Business Intelligence Developer,javascript,2,14,14.285714285714285,Supporting
2509,Business Intelligence Developer,git,2,14,14.285714285714285,Supporting
2510,Business Intelligence Developer,looker,1,14,7.142857142857142,Supporting
2511,Business Intelligence Developer,airflow,1,14,7.142857142857142,Supporting
2512,Business Intelligence Developer,bigquery,1,14,7.142857142857142,Supporting
2513,Business Intelligence Developer,dbt,1,14,7.142857142857142,Supporting
2514,Business Intelligence Developer,time management,1,14,7.142857142857142,Supporting
2515,Business Intelligence Developer,jenkins,1,14,7.142857142857142,Supporting
2516,Business Intelligence Developer,ci/cd,1,14,7.142857142857142,Supporting
2517,Business Intelligence Developer,mongodb,1,14,7.142857142857142,Supporting
2518,Business Intelligence Developer,sql server reporting services,1,14,7.142857142857142,Supporting
2519,Business Intelligence Developer,scrum,1,14,7.142857142857142,Supporting
2520,Business Intelligence Developer,css,1,14,7.142857142857142,Supporting
2521,Business Intelligence Developer,kanban,1,14,7.142857142857142,Supporting
2522,Business Intelligence Developer,powershell,1,14,7.142857142857142,Supporting
2540,Business Intelligence Engineer,sql,5,5,100.0,Core
2541,Business Intelligence Engineer,etl,5,5,100.0,Core
2542,Business Intelligence Engineer,data visualization,4,5,80.0,Core
2543,Business Intelligence Engineer,python,3,5,60.0,Core
2544,Business Intelligence Engineer,tableau,3,5,60.0,Core
2545,Business Intelligence Engineer,power bi,2,5,40.0,Common
2546,Business Intelligence Engineer,oracle,2,5,40.0,Common
2547,Business Intelligence Engineer,dynamodb,2,5,40.0,Common
2548,Business Intelligence Engineer,r,2,5,40.0,Common
2549,Business Intelligence Engineer,leadership,2,5,40.0,Common
2550,Business Intelligence Engineer,matlab,2,5,40.0,Common
2551,Business Intelligence Engineer,communication,1,5,20.0,Common
2552,Business Intelligence Engineer,html,1,5,20.0,Common
2553,Business Intelligence Engineer,critical thinking,1,5,20.0,Common
2554,Business Intelligence Engineer,bootstrap,1,5,20.0,Common
2555,Business Intelligence Engineer,c,1,5,20.0,Common
2556,Business Intelligence Engineer,sql server reporting services,1,5,20.0,Common
2557,Business Intelligence Engineer,css,1,5,20.0,Common
2558,Business Intelligence Engineer,data warehousing,1,5,20.0,Common
2559,Business Intelligence Engineer,statistics,1,5,20.0,Common
2560,Business Intelligence Engineer,java,1,5,20.0,Common
2561,Business Intelligence Engineer,ruby,1,5,20.0,Common
2562,Business Intelligence Engineer,excel,1,5,20.0,Common
2563,Business Intelligence Engineer,microsoft azure,1,5,20.0,Common
2967,Cloud Architect,communication,16,23,69.56521739130434,Core
2968,Cloud Architect,collaboration,11,23,47.82608695652174,Common
2969,Cloud Architect,agile,8,23,34.78260869565217,Common
2970,Cloud Architect,sql,7,23,30.434782608695656,Common
2971,Cloud Architect,terraform,6,23,26.08695652173913,Common
2972,Cloud Architect,python,6,23,26.08695652173913,Common
2973,Cloud Architect,powershell,6,23,26.08695652173913,Common
2974,Cloud Architect,leadership,5,23,21.73913043478261,Common
2975,Cloud Architect,docker,5,23,21.73913043478261,Common
2976,Cloud Architect,windows,5,23,21.73913043478261,Common
2977,Cloud Architect,teamwork,5,23,21.73913043478261,Common
2978,Cloud Architect,kubernetes,4,23,17.391304347826086,Supporting
2979,Cloud Architect,ci/cd,4,23,17.391304347826086,Supporting
2980,Cloud Architect,shell scripting,3,23,13.043478260869565,Supporting
2981,Cloud Architect,go,3,23,13.043478260869565,Supporting
2982,Cloud Architect,design patterns,3,23,13.043478260869565,Supporting
2983,Cloud Architect,infrastructure as code,3,23,13.043478260869565,Supporting
2984,Cloud Architect,microservices,2,23,8.695652173913043,Supporting
2985,Cloud Architect,git,2,23,8.695652173913043,Supporting
2986,Cloud Architect,iot,2,23,8.695652173913043,Supporting
2987,Cloud Architect,encryption,2,23,8.695652173913043,Supporting
2988,Cloud Architect,model deployment,2,23,8.695652173913043,Supporting
2989,Cloud Architect,machine learning,2,23,8.695652173913043,Supporting
2990,Cloud Architect,c,2,23,8.695652173913043,Supporting
2991,Cloud Architect,microservices architecture,1,23,4.3478260869565215,Rare
2992,Cloud Architect,risk management,1,23,4.3478260869565215,Rare
2993,Cloud Architect,java,1,23,4.3478260869565215,Rare
2994,Cloud Architect,etl,1,23,4.3478260869565215,Rare
2995,Cloud Architect,critical thinking,1,23,4.3478260869565215,Rare
2996,Cloud Architect,linux,1,23,4.3478260869565215,Rare
2997,Cloud Architect,mlops,1,23,4.3478260869565215,Rare
2998,Cloud Architect,feature engineering,1,23,4.3478260869565215,Rare
2999,Cloud Architect,unix,1,23,4.3478260869565215,Rare
3000,Cloud Architect,scrum,1,23,4.3478260869565215,Rare
3001,Cloud Architect,tcp/ip,1,23,4.3478260869565215,Rare
3002,Cloud Architect,product management,1,23,4.3478260869565215,Rare
3003,Cloud Architect,vpn,1,23,4.3478260869565215,Rare
3004,Cloud Architect,javascript,1,23,4.3478260869565215,Rare
3005,Cloud Architect,next.js,1,23,4.3478260869565215,Rare
3006,Cloud Architect,dynamodb,1,23,4.3478260869565215,Rare
3007,Cloud Architect,node.js,1,23,4.3478260869565215,Rare
3008,Cloud Architect,react,1,23,4.3478260869565215,Rare
3009,Cloud Architect,graphql,1,23,4.3478260869565215,Rare
3010,Cloud Architect,data pipelines,1,23,4.3478260869565215,Rare
3011,Cloud Architect,databricks,1,23,4.3478260869565215,Rare
3012,Cloud Architect,scala,1,23,4.3478260869565215,Rare
3013,Cloud Architect,data warehousing,1,23,4.3478260869565215,Rare
3014,Cloud Architect,svn,1,23,4.3478260869565215,Rare
3015,Cloud Architect,asp.net,1,23,4.3478260869565215,Rare
3016,Cloud Architect,microsoft azure,1,23,4.3478260869565215,Rare
3017,Cloud Architect,project planning,1,23,4.3478260869565215,Rare
3018,Cloud Architect,system design,1,23,4.3478260869565215,Rare
3019,Cloud Architect,snowflake,1,23,4.3478260869565215,Rare
3020,Cloud Architect,mentoring,1,23,4.3478260869565215,Rare
3021,Cloud Architect,amazon web services,1,23,4.3478260869565215,Rare
3022,Cloud Architect,bash,1,23,4.3478260869565215,Rare
3023,Cloud Architect,ruby,1,23,4.3478260869565215,Rare
3231,Cloud Engineer,terraform,13,31,41.935483870967744,Common
3232,Cloud Engineer,communication,13,31,41.935483870967744,Common
3233,Cloud Engineer,python,13,31,41.935483870967744,Common
3234,Cloud Engineer,sql,9,31,29.03225806451613,Common
3235,Cloud Engineer,agile,9,31,29.03225806451613,Common
3236,Cloud Engineer,linux,8,31,25.806451612903224,Common
3237,Cloud Engineer,ci/cd,6,31,19.35483870967742,Supporting
3238,Cloud Engineer,java,6,31,19.35483870967742,Supporting
3239,Cloud Engineer,git,6,31,19.35483870967742,Supporting
3240,Cloud Engineer,infrastructure as code,5,31,16.129032258064516,Supporting
3241,Cloud Engineer,ansible,5,31,16.129032258064516,Supporting
3242,Cloud Engineer,kubernetes,5,31,16.129032258064516,Supporting
3243,Cloud Engineer,leadership,5,31,16.129032258064516,Supporting
3244,Cloud Engineer,collaboration,4,31,12.903225806451612,Supporting
3245,Cloud Engineer,bash,4,31,12.903225806451612,Supporting
3246,Cloud Engineer,powershell,4,31,12.903225806451612,Supporting
3247,Cloud Engineer,windows,4,31,12.903225806451612,Supporting
3248,Cloud Engineer,docker,3,31,9.67741935483871,Supporting
3249,Cloud Engineer,oracle,3,31,9.67741935483871,Supporting
3250,Cloud Engineer,jenkins,3,31,9.67741935483871,Supporting
3251,Cloud Engineer,c,3,31,9.67741935483871,Supporting
3252,Cloud Engineer,jira,3,31,9.67741935483871,Supporting
3253,Cloud Engineer,microsoft azure,3,31,9.67741935483871,Supporting
3254,Cloud Engineer,amazon web services,2,31,6.451612903225806,Supporting
3255,Cloud Engineer,go,2,31,6.451612903225806,Supporting
3256,Cloud Engineer,dns,2,31,6.451612903225806,Supporting
3257,Cloud Engineer,data pipelines,2,31,6.451612903225806,Supporting
3258,Cloud Engineer,unit testing,2,31,6.451612903225806,Supporting
3259,Cloud Engineer,postgresql,2,31,6.451612903225806,Supporting
3260,Cloud Engineer,system design,2,31,6.451612903225806,Supporting
3261,Cloud Engineer,tcp/ip,2,31,6.451612903225806,Supporting
3262,Cloud Engineer,scala,2,31,6.451612903225806,Supporting
3263,Cloud Engineer,etl,2,31,6.451612903225806,Supporting
3264,Cloud Engineer,shell scripting,2,31,6.451612903225806,Supporting
3265,Cloud Engineer,teamwork,1,31,3.225806451612903,Rare
3266,Cloud Engineer,gitlab ci/cd,1,31,3.225806451612903,Rare
3267,Cloud Engineer,gitlab,1,31,3.225806451612903,Rare
3268,Cloud Engineer,object-oriented programming,1,31,3.225806451612903,Rare
3269,Cloud Engineer,ruby,1,31,3.225806451612903,Rare
3270,Cloud Engineer,sap,1,31,3.225806451612903,Rare
3271,Cloud Engineer,risk management,1,31,3.225806451612903,Rare
3272,Cloud Engineer,prototyping,1,31,3.225806451612903,Rare
3273,Cloud Engineer,encryption,1,31,3.225806451612903,Rare
3274,Cloud Engineer,typescript,1,31,3.225806451612903,Rare
3275,Cloud Engineer,snowflake,1,31,3.225806451612903,Rare
3276,Cloud Engineer,junit,1,31,3.225806451612903,Rare
3277,Cloud Engineer,pytest,1,31,3.225806451612903,Rare
3278,Cloud Engineer,iot,1,31,3.225806451612903,Rare
3279,Cloud Engineer,bitbucket,1,31,3.225806451612903,Rare
3280,Cloud Engineer,critical thinking,1,31,3.225806451612903,Rare
3281,Cloud Engineer,data warehousing,1,31,3.225806451612903,Rare
3282,Cloud Engineer,kafka,1,31,3.225806451612903,Rare
3283,Cloud Engineer,apache,1,31,3.225806451612903,Rare
3284,Cloud Engineer,flink,1,31,3.225806451612903,Rare
3285,Cloud Engineer,apache spark,1,31,3.225806451612903,Rare
3286,Cloud Engineer,kotlin,1,31,3.225806451612903,Rare
3287,Cloud Engineer,flask,1,31,3.225806451612903,Rare
3288,Cloud Engineer,airflow,1,31,3.225806451612903,Rare
3289,Cloud Engineer,spring boot,1,31,3.225806451612903,Rare
3290,Cloud Engineer,scrum,1,31,3.225806451612903,Rare
3291,Cloud Engineer,test-driven development,1,31,3.225806451612903,Rare
3292,Cloud Engineer,kanban,1,31,3.225806451612903,Rare
3293,Cloud Engineer,tableau,1,31,3.225806451612903,Rare
3294,Cloud Engineer,power bi,1,31,3.225806451612903,Rare
3295,Cloud Engineer,firewalls,1,31,3.225806451612903,Rare
3296,Cloud Engineer,puppet,1,31,3.225806451612903,Rare
3297,Cloud Engineer,perl,1,31,3.225806451612903,Rare
3298,Cloud Engineer,salesforce,1,31,3.225806451612903,Rare
3299,Cloud Engineer,r,1,31,3.225806451612903,Rare
3300,Cloud Engineer,adaptability,1,31,3.225806451612903,Rare
3301,Cloud Engineer,javascript,1,31,3.225806451612903,Rare
3302,Cloud Engineer,cloudflare,1,31,3.225806451612903,Rare
3303,Cloud Engineer,google cloud platform,1,31,3.225806451612903,Rare
3304,Cloud Engineer,machine learning,1,31,3.225806451612903,Rare
3305,Cloud Engineer,artificial intelligence,1,31,3.225806451612903,Rare
3306,Cloud Engineer,ibm cloud,1,31,3.225806451612903,Rare
3307,Cloud Engineer,oracle cloud,1,31,3.225806451612903,Rare
3308,Cloud Engineer,microservices,1,31,3.225806451612903,Rare
3309,Cloud Engineer,less,1,31,3.225806451612903,Rare
3883,Cyber Security Analyst,communication,7,11,63.63636363636363,Core
3884,Cyber Security Analyst,siem,5,11,45.45454545454545,Common
3885,Cyber Security Analyst,firewalls,5,11,45.45454545454545,Common
3886,Cyber Security Analyst,collaboration,3,11,27.27272727272727,Common
3887,Cyber Security Analyst,linux,2,11,18.181818181818183,Supporting
3888,Cyber Security Analyst,encryption,1,11,9.090909090909092,Supporting
3889,Cyber Security Analyst,excel,1,11,9.090909090909092,Supporting
3890,Cyber Security Analyst,penetration testing,1,11,9.090909090909092,Supporting
3891,Cyber Security Analyst,python,1,11,9.090909090909092,Supporting
3892,Cyber Security Analyst,tcp/ip,1,11,9.090909090909092,Supporting
3893,Cyber Security Analyst,less,1,11,9.090909090909092,Supporting
3894,Cyber Security Analyst,red hat,1,11,9.090909090909092,Supporting
3895,Cyber Security Analyst,powershell,1,11,9.090909090909092,Supporting
3896,Cyber Security Analyst,windows,1,11,9.090909090909092,Supporting
3897,Cyber Security Analyst,risk management,1,11,9.090909090909092,Supporting
3971,Cyber Security Engineer,communication,9,22,40.909090909090914,Common
3972,Cyber Security Engineer,siem,7,22,31.818181818181817,Common
3973,Cyber Security Engineer,risk management,6,22,27.27272727272727,Common
3974,Cyber Security Engineer,vulnerability assessment,6,22,27.27272727272727,Common
3975,Cyber Security Engineer,windows,6,22,27.27272727272727,Common
3976,Cyber Security Engineer,linux,5,22,22.727272727272727,Common
3977,Cyber Security Engineer,penetration testing,4,22,18.181818181818183,Supporting
3978,Cyber Security Engineer,iot,3,22,13.636363636363635,Supporting
3979,Cyber Security Engineer,firewalls,3,22,13.636363636363635,Supporting
3980,Cyber Security Engineer,python,3,22,13.636363636363635,Supporting
3981,Cyber Security Engineer,bash,3,22,13.636363636363635,Supporting
3982,Cyber Security Engineer,unix,3,22,13.636363636363635,Supporting
3983,Cyber Security Engineer,powershell,3,22,13.636363636363635,Supporting
3984,Cyber Security Engineer,kubernetes,2,22,9.090909090909092,Supporting
3985,Cyber Security Engineer,network security,2,22,9.090909090909092,Supporting
3986,Cyber Security Engineer,c,2,22,9.090909090909092,Supporting
3987,Cyber Security Engineer,ansible,2,22,9.090909090909092,Supporting
3988,Cyber Security Engineer,owasp,2,22,9.090909090909092,Supporting
3989,Cyber Security Engineer,network administration,1,22,4.545454545454546,Rare
3990,Cyber Security Engineer,docker,1,22,4.545454545454546,Rare
3991,Cyber Security Engineer,encryption,1,22,4.545454545454546,Rare
3992,Cyber Security Engineer,html,1,22,4.545454545454546,Rare
3993,Cyber Security Engineer,sql,1,22,4.545454545454546,Rare
3994,Cyber Security Engineer,puppet,1,22,4.545454545454546,Rare
3995,Cyber Security Engineer,chef,1,22,4.545454545454546,Rare
3996,Cyber Security Engineer,sql server reporting services,1,22,4.545454545454546,Rare
3997,Cyber Security Engineer,asp.net,1,22,4.545454545454546,Rare
3998,Cyber Security Engineer,perl,1,22,4.545454545454546,Rare
3999,Cyber Security Engineer,go,1,22,4.545454545454546,Rare
4000,Cyber Security Engineer,microsoft azure,1,22,4.545454545454546,Rare
4001,Cyber Security Engineer,leadership,1,22,4.545454545454546,Rare
4002,Cyber Security Engineer,sap,1,22,4.545454545454546,Rare
4003,Cyber Security Engineer,mentoring,1,22,4.545454545454546,Rare
4004,Cyber Security Engineer,google cloud platform,1,22,4.545454545454546,Rare
4005,Cyber Security Engineer,tcp/ip,1,22,4.545454545454546,Rare
4006,Cyber Security Engineer,agile,1,22,4.545454545454546,Rare
4007,Cyber Security Engineer,ethical hacking,1,22,4.545454545454546,Rare
4008,Cyber Security Engineer,artificial intelligence,1,22,4.545454545454546,Rare
4009,Cyber Security Engineer,teamwork,1,22,4.545454545454546,Rare
4010,Cyber Security Engineer,shell scripting,1,22,4.545454545454546,Rare
4011,Cyber Security Engineer,collaboration,1,22,4.545454545454546,Rare
4012,Cyber Security Engineer,system design,1,22,4.545454545454546,Rare
4013,Cyber Security Engineer,r,1,22,4.545454545454546,Rare
4014,Cyber Security Engineer,excel,1,22,4.545454545454546,Rare
4015,Cyber Security Engineer,routing and switching,1,22,4.545454545454546,Rare
4016,Cyber Security Engineer,product management,1,22,4.545454545454546,Rare
4017,Cyber Security Engineer,vpn,1,22,4.545454545454546,Rare
4018,Cyber Security Engineer,pmp,1,22,4.545454545454546,Rare
4082,Cyber Security Specialist,communication,7,7,100.0,Core
4083,Cyber Security Specialist,network security,3,7,42.857142857142854,Common
4084,Cyber Security Specialist,firewalls,2,7,28.57142857142857,Common
4085,Cyber Security Specialist,siem,2,7,28.57142857142857,Common
4086,Cyber Security Specialist,teamwork,1,7,14.285714285714285,Supporting
4087,Cyber Security Specialist,statistics,1,7,14.285714285714285,Supporting
4088,Cyber Security Specialist,security auditing,1,7,14.285714285714285,Supporting
4089,Cyber Security Specialist,penetration testing,1,7,14.285714285714285,Supporting
4090,Cyber Security Specialist,python,1,7,14.285714285714285,Supporting
4091,Cyber Security Specialist,critical thinking,1,7,14.285714285714285,Supporting
4092,Cyber Security Specialist,leadership,1,7,14.285714285714285,Supporting
4093,Cyber Security Specialist,java,1,7,14.285714285714285,Supporting
4094,Cyber Security Specialist,rust,1,7,14.285714285714285,Supporting
4095,Cyber Security Specialist,iot,1,7,14.285714285714285,Supporting
4096,Cyber Security Specialist,iso 27001,1,7,14.285714285714285,Supporting
4097,Cyber Security Specialist,risk management,1,7,14.285714285714285,Supporting
4209,Cybersecurity Engineer,siem,3,7,42.857142857142854,Common
4210,Cybersecurity Engineer,python,3,7,42.857142857142854,Common
4211,Cybersecurity Engineer,leadership,3,7,42.857142857142854,Common
4212,Cybersecurity Engineer,firewalls,2,7,28.57142857142857,Common
4213,Cybersecurity Engineer,collaboration,2,7,28.57142857142857,Common
4214,Cybersecurity Engineer,risk management,2,7,28.57142857142857,Common
4215,Cybersecurity Engineer,penetration testing,1,7,14.285714285714285,Supporting
4216,Cybersecurity Engineer,communication,1,7,14.285714285714285,Supporting
4217,Cybersecurity Engineer,kubernetes,1,7,14.285714285714285,Supporting
4218,Cybersecurity Engineer,linux,1,7,14.285714285714285,Supporting
4219,Cybersecurity Engineer,excel,1,7,14.285714285714285,Supporting
4220,Cybersecurity Engineer,mentoring,1,7,14.285714285714285,Supporting
4221,Cybersecurity Engineer,terraform,1,7,14.285714285714285,Supporting
4222,Cybersecurity Engineer,amazon web services,1,7,14.285714285714285,Supporting
4223,Cybersecurity Engineer,ansible,1,7,14.285714285714285,Supporting
4224,Cybersecurity Engineer,encryption,1,7,14.285714285714285,Supporting
4225,Cybersecurity Engineer,six sigma,1,7,14.285714285714285,Supporting
4226,Cybersecurity Engineer,agile,1,7,14.285714285714285,Supporting
4227,Cybersecurity Engineer,pmp,1,7,14.285714285714285,Supporting
4228,Cybersecurity Engineer,powershell,1,7,14.285714285714285,Supporting
4411,Data Analyst,sql,98,133,73.68421052631578,Core
4412,Data Analyst,python,71,133,53.383458646616546,Core
4413,Data Analyst,communication,51,133,38.34586466165413,Common
4414,Data Analyst,excel,51,133,38.34586466165413,Common
4415,Data Analyst,javascript,43,133,32.33082706766917,Common
4416,Data Analyst,c,42,133,31.57894736842105,Common
4417,Data Analyst,html,38,133,28.57142857142857,Common
4418,Data Analyst,statistics,36,133,27.06766917293233,Common
4419,Data Analyst,tableau,26,133,19.548872180451127,Supporting
4420,Data Analyst,data visualization,20,133,15.037593984962406,Supporting
4421,Data Analyst,leadership,19,133,14.285714285714285,Supporting
4422,Data Analyst,r,17,133,12.781954887218044,Supporting
4423,Data Analyst,power bi,16,133,12.030075187969924,Supporting
4424,Data Analyst,collaboration,13,133,9.774436090225564,Supporting
4425,Data Analyst,agile,13,133,9.774436090225564,Supporting
4426,Data Analyst,etl,10,133,7.518796992481203,Supporting
4427,Data Analyst,machine learning,9,133,6.7669172932330826,Supporting
4428,Data Analyst,snowflake,9,133,6.7669172932330826,Supporting
4429,Data Analyst,data warehousing,8,133,6.015037593984962,Supporting
4430,Data Analyst,problem solving,8,133,6.015037593984962,Supporting
4431,Data Analyst,oracle,7,133,5.263157894736842,Supporting
4432,Data Analyst,decision making,7,133,5.263157894736842,Supporting
4433,Data Analyst,hadoop,5,133,3.7593984962406015,Rare
4434,Data Analyst,scrum,5,133,3.7593984962406015,Rare
4435,Data Analyst,data pipelines,5,133,3.7593984962406015,Rare
4436,Data Analyst,time management,5,133,3.7593984962406015,Rare
4437,Data Analyst,jira,5,133,3.7593984962406015,Rare
4438,Data Analyst,critical thinking,4,133,3.007518796992481,Rare
4439,Data Analyst,looker,4,133,3.007518796992481,Rare
4440,Data Analyst,salesforce,4,133,3.007518796992481,Rare
4441,Data Analyst,less,4,133,3.007518796992481,Rare
4442,Data Analyst,artificial intelligence,4,133,3.007518796992481,Rare
4443,Data Analyst,java,4,133,3.007518796992481,Rare
4444,Data Analyst,unix,4,133,3.007518796992481,Rare
4445,Data Analyst,go,3,133,2.2556390977443606,Rare
4446,Data Analyst,six sigma,3,133,2.2556390977443606,Rare
4447,Data Analyst,git,3,133,2.2556390977443606,Rare
4448,Data Analyst,presentation skills,2,133,1.5037593984962405,Rare
4449,Data Analyst,matlab,2,133,1.5037593984962405,Rare
4450,Data Analyst,numpy,2,133,1.5037593984962405,Rare
4451,Data Analyst,databricks,2,133,1.5037593984962405,Rare
4452,Data Analyst,github,2,133,1.5037593984962405,Rare
4453,Data Analyst,bash,2,133,1.5037593984962405,Rare
4454,Data Analyst,product management,2,133,1.5037593984962405,Rare
4455,Data Analyst,teamwork,2,133,1.5037593984962405,Rare
4456,Data Analyst,confluence,2,133,1.5037593984962405,Rare
4457,Data Analyst,adaptability,1,133,0.7518796992481203,Rare
4458,Data Analyst,windows,1,133,0.7518796992481203,Rare
4459,Data Analyst,microsoft azure,1,133,0.7518796992481203,Rare
4460,Data Analyst,ibm cloud,1,133,0.7518796992481203,Rare
4461,Data Analyst,ruby,1,133,0.7518796992481203,Rare
4462,Data Analyst,hive,1,133,0.7518796992481203,Rare
4463,Data Analyst,apache,1,133,0.7518796992481203,Rare
4464,Data Analyst,scala,1,133,0.7518796992481203,Rare
4465,Data Analyst,computer vision,1,133,0.7518796992481203,Rare
4466,Data Analyst,kafka,1,133,0.7518796992481203,Rare
4467,Data Analyst,oracle cloud,1,133,0.7518796992481203,Rare
4468,Data Analyst,iot,1,133,0.7518796992481203,Rare
4469,Data Analyst,risk management,1,133,0.7518796992481203,Rare
4470,Data Analyst,mysql,1,133,0.7518796992481203,Rare
4471,Data Analyst,docker,1,133,0.7518796992481203,Rare
4472,Data Analyst,neo4j,1,133,0.7518796992481203,Rare
4473,Data Analyst,kubernetes,1,133,0.7518796992481203,Rare
4474,Data Analyst,network security,1,133,0.7518796992481203,Rare
4475,Data Analyst,sap,1,133,0.7518796992481203,Rare
4476,Data Analyst,jquery,1,133,0.7518796992481203,Rare
4477,Data Analyst,junit,1,133,0.7518796992481203,Rare
4478,Data Analyst,spring boot,1,133,0.7518796992481203,Rare
4479,Data Analyst,css,1,133,0.7518796992481203,Rare
4480,Data Analyst,soap,1,133,0.7518796992481203,Rare
4481,Data Analyst,redis,1,133,0.7518796992481203,Rare
4482,Data Analyst,postgresql,1,133,0.7518796992481203,Rare
4483,Data Analyst,google analytics,1,133,0.7518796992481203,Rare
4484,Data Analyst,gitlab,1,133,0.7518796992481203,Rare
4485,Data Analyst,network administration,1,133,0.7518796992481203,Rare
4486,Data Analyst,system design,1,133,0.7518796992481203,Rare
4487,Data Analyst,shell scripting,1,133,0.7518796992481203,Rare
4488,Data Analyst,mentoring,1,133,0.7518796992481203,Rare
4489,Data Analyst,scikit-learn,1,133,0.7518796992481203,Rare
4490,Data Analyst,pandas,1,133,0.7518796992481203,Rare
4808,Data Architect,sql,21,28,75.0,Core
4809,Data Architect,etl,15,28,53.57142857142857,Core
4810,Data Architect,communication,11,28,39.285714285714285,Common
4811,Data Architect,snowflake,11,28,39.285714285714285,Common
4812,Data Architect,python,10,28,35.714285714285715,Common
4813,Data Architect,data warehousing,10,28,35.714285714285715,Common
4814,Data Architect,databricks,8,28,28.57142857142857,Common
4815,Data Architect,data pipelines,7,28,25.0,Common
4816,Data Architect,collaboration,7,28,25.0,Common
4817,Data Architect,leadership,7,28,25.0,Common
4818,Data Architect,agile,7,28,25.0,Common
4819,Data Architect,power bi,5,28,17.857142857142858,Supporting
4820,Data Architect,apache,4,28,14.285714285714285,Supporting
4821,Data Architect,data visualization,4,28,14.285714285714285,Supporting
4822,Data Architect,oracle,3,28,10.714285714285714,Supporting
4823,Data Architect,kafka,3,28,10.714285714285714,Supporting
4824,Data Architect,go,3,28,10.714285714285714,Supporting
4825,Data Architect,powershell,3,28,10.714285714285714,Supporting
4826,Data Architect,microsoft sql server,3,28,10.714285714285714,Supporting
4827,Data Architect,bigquery,2,28,7.142857142857142,Supporting
4828,Data Architect,hadoop,2,28,7.142857142857142,Supporting
4829,Data Architect,dbt,2,28,7.142857142857142,Supporting
4830,Data Architect,elasticsearch,2,28,7.142857142857142,Supporting
4831,Data Architect,git,2,28,7.142857142857142,Supporting
4832,Data Architect,c,2,28,7.142857142857142,Supporting
4833,Data Architect,css,2,28,7.142857142857142,Supporting
4834,Data Architect,encryption,2,28,7.142857142857142,Supporting
4835,Data Architect,airflow,2,28,7.142857142857142,Supporting
4836,Data Architect,mysql,2,28,7.142857142857142,Supporting
4837,Data Architect,salesforce,2,28,7.142857142857142,Supporting
4838,Data Architect,mentoring,2,28,7.142857142857142,Supporting
4839,Data Architect,redux,1,28,3.571428571428571,Rare
4840,Data Architect,react,1,28,3.571428571428571,Rare
4841,Data Architect,decision making,1,28,3.571428571428571,Rare
4842,Data Architect,r,1,28,3.571428571428571,Rare
4843,Data Architect,tableau,1,28,3.571428571428571,Rare
4844,Data Architect,postgresql,1,28,3.571428571428571,Rare
4845,Data Architect,mongodb,1,28,3.571428571428571,Rare
4846,Data Architect,critical thinking,1,28,3.571428571428571,Rare
4847,Data Architect,scala,1,28,3.571428571428571,Rare
4848,Data Architect,apache spark,1,28,3.571428571428571,Rare
4849,Data Architect,presto,1,28,3.571428571428571,Rare
4850,Data Architect,bash,1,28,3.571428571428571,Rare
4851,Data Architect,java,1,28,3.571428571428571,Rare
4852,Data Architect,microsoft azure,1,28,3.571428571428571,Rare
4853,Data Architect,scrum,1,28,3.571428571428571,Rare
4854,Data Architect,amazon web services,1,28,3.571428571428571,Rare
4855,Data Architect,linux,1,28,3.571428571428571,Rare
4856,Data Architect,windows,1,28,3.571428571428571,Rare
4857,Data Architect,red hat,1,28,3.571428571428571,Rare
4858,Data Architect,network security,1,28,3.571428571428571,Rare
4859,Data Architect,sap,1,28,3.571428571428571,Rare
4860,Data Architect,looker,1,28,3.571428571428571,Rare
4861,Data Architect,perl,1,28,3.571428571428571,Rare
4862,Data Architect,presentation skills,1,28,3.571428571428571,Rare
4863,Data Architect,microservices,1,28,3.571428571428571,Rare
4864,Data Architect,jenkins,1,28,3.571428571428571,Rare
4865,Data Architect,problem solving,1,28,3.571428571428571,Rare
4866,Data Architect,redis,1,28,3.571428571428571,Rare
4867,Data Architect,ci/cd,1,28,3.571428571428571,Rare
4868,Data Architect,shell scripting,1,28,3.571428571428571,Rare
4954,Data Engineer,python,63,89,70.78651685393258,Core
4955,Data Engineer,sql,62,89,69.66292134831461,Core
4956,Data Engineer,data pipelines,37,89,41.57303370786517,Common
4957,Data Engineer,etl,34,89,38.20224719101123,Common
4958,Data Engineer,snowflake,34,89,38.20224719101123,Common
4959,Data Engineer,java,31,89,34.831460674157306,Common
4960,Data Engineer,communication,27,89,30.337078651685395,Common
4961,Data Engineer,agile,27,89,30.337078651685395,Common
4962,Data Engineer,scala,23,89,25.842696629213485,Common
4963,Data Engineer,data warehousing,20,89,22.47191011235955,Common
4964,Data Engineer,collaboration,16,89,17.97752808988764,Supporting
4965,Data Engineer,hadoop,16,89,17.97752808988764,Supporting
4966,Data Engineer,databricks,16,89,17.97752808988764,Supporting
4967,Data Engineer,machine learning,16,89,17.97752808988764,Supporting
4968,Data Engineer,c,16,89,17.97752808988764,Supporting
4969,Data Engineer,airflow,15,89,16.853932584269664,Supporting
4970,Data Engineer,kafka,13,89,14.606741573033707,Supporting
4971,Data Engineer,ci/cd,12,89,13.48314606741573,Supporting
4972,Data Engineer,data visualization,11,89,12.359550561797752,Supporting
4973,Data Engineer,power bi,10,89,11.235955056179774,Supporting
4974,Data Engineer,tableau,9,89,10.112359550561797,Supporting
4975,Data Engineer,hive,9,89,10.112359550561797,Supporting
4976,Data Engineer,statistics,9,89,10.112359550561797,Supporting
4977,Data Engineer,apache,7,89,7.865168539325842,Supporting
4978,Data Engineer,kubernetes,7,89,7.865168539325842,Supporting
4979,Data Engineer,mentoring,7,89,7.865168539325842,Supporting
4980,Data Engineer,go,6,89,6.741573033707865,Supporting
4981,Data Engineer,unix,6,89,6.741573033707865,Supporting
4982,Data Engineer,mysql,6,89,6.741573033707865,Supporting
4983,Data Engineer,linux,6,89,6.741573033707865,Supporting
4984,Data Engineer,shell scripting,6,89,6.741573033707865,Supporting
4985,Data Engineer,terraform,6,89,6.741573033707865,Supporting
4986,Data Engineer,postgresql,6,89,6.741573033707865,Supporting
4987,Data Engineer,git,6,89,6.741573033707865,Supporting
4988,Data Engineer,docker,5,89,5.617977528089887,Supporting
4989,Data Engineer,microsoft azure,5,89,5.617977528089887,Supporting
4990,Data Engineer,microservices,5,89,5.617977528089887,Supporting
4991,Data Engineer,teamwork,5,89,5.617977528089887,Supporting
4992,Data Engineer,elasticsearch,5,89,5.617977528089887,Supporting
4993,Data Engineer,mongodb,5,89,5.617977528089887,Supporting
4994,Data Engineer,salesforce,4,89,4.49438202247191,Rare
4995,Data Engineer,cassandra,4,89,4.49438202247191,Rare
4996,Data Engineer,leadership,4,89,4.49438202247191,Rare
4997,Data Engineer,pandas,4,89,4.49438202247191,Rare
4998,Data Engineer,dbt,4,89,4.49438202247191,Rare
4999,Data Engineer,microsoft sql server,3,89,3.3707865168539324,Rare
5000,Data Engineer,javascript,3,89,3.3707865168539324,Rare
5001,Data Engineer,artificial intelligence,3,89,3.3707865168539324,Rare
5002,Data Engineer,presentation skills,3,89,3.3707865168539324,Rare
5003,Data Engineer,oracle,3,89,3.3707865168539324,Rare
5004,Data Engineer,decision making,3,89,3.3707865168539324,Rare
5005,Data Engineer,deep learning,3,89,3.3707865168539324,Rare
5006,Data Engineer,jira,3,89,3.3707865168539324,Rare
5007,Data Engineer,github,3,89,3.3707865168539324,Rare
5008,Data Engineer,scrum,3,89,3.3707865168539324,Rare
5009,Data Engineer,dynamodb,3,89,3.3707865168539324,Rare
5010,Data Engineer,powershell,2,89,2.247191011235955,Rare
5011,Data Engineer,problem solving,2,89,2.247191011235955,Rare
5012,Data Engineer,apache spark,2,89,2.247191011235955,Rare
5013,Data Engineer,r,2,89,2.247191011235955,Rare
5014,Data Engineer,perl,2,89,2.247191011235955,Rare
5015,Data Engineer,excel,2,89,2.247191011235955,Rare
5016,Data Engineer,bash,2,89,2.247191011235955,Rare
5017,Data Engineer,critical thinking,2,89,2.247191011235955,Rare
5018,Data Engineer,rest api,2,89,2.247191011235955,Rare
5019,Data Engineer,sap,2,89,2.247191011235955,Rare
5020,Data Engineer,jenkins,2,89,2.247191011235955,Rare
5021,Data Engineer,windows,2,89,2.247191011235955,Rare
5022,Data Engineer,feature engineering,2,89,2.247191011235955,Rare
5023,Data Engineer,confluence,2,89,2.247191011235955,Rare
5024,Data Engineer,amazon web services,2,89,2.247191011235955,Rare
5025,Data Engineer,tensorflow,1,89,1.1235955056179776,Rare
5026,Data Engineer,opencv,1,89,1.1235955056179776,Rare
5027,Data Engineer,infrastructure as code,1,89,1.1235955056179776,Rare
5028,Data Engineer,grafana,1,89,1.1235955056179776,Rare
5029,Data Engineer,graphql,1,89,1.1235955056179776,Rare
5030,Data Engineer,less,1,89,1.1235955056179776,Rare
5031,Data Engineer,bigquery,1,89,1.1235955056179776,Rare
5032,Data Engineer,gitlab,1,89,1.1235955056179776,Rare
5033,Data Engineer,project planning,1,89,1.1235955056179776,Rare
5034,Data Engineer,bitbucket,1,89,1.1235955056179776,Rare
5035,Data Engineer,react,1,89,1.1235955056179776,Rare
5036,Data Engineer,html,1,89,1.1235955056179776,Rare
5037,Data Engineer,ansible,1,89,1.1235955056179776,Rare
5038,Data Engineer,data structures and algorithms,1,89,1.1235955056179776,Rare
5039,Data Engineer,redis,1,89,1.1235955056179776,Rare
5040,Data Engineer,numpy,1,89,1.1235955056179776,Rare
5041,Data Engineer,unity,1,89,1.1235955056179776,Rare
5042,Data Engineer,django,1,89,1.1235955056179776,Rare
5043,Data Engineer,design patterns,1,89,1.1235955056179776,Rare
5044,Data Engineer,encryption,1,89,1.1235955056179776,Rare
5045,Data Engineer,macos,1,89,1.1235955056179776,Rare
5046,Data Engineer,model deployment,1,89,1.1235955056179776,Rare
5047,Data Engineer,presto,1,89,1.1235955056179776,Rare
5269,Data Engineer II,python,7,7,100.0,Core
5270,Data Engineer II,sql,7,7,100.0,Core
5271,Data Engineer II,data pipelines,4,7,57.14285714285714,Core
5272,Data Engineer II,scala,3,7,42.857142857142854,Common
5273,Data Engineer II,java,3,7,42.857142857142854,Common
5274,Data Engineer II,communication,3,7,42.857142857142854,Common
5275,Data Engineer II,agile,3,7,42.857142857142854,Common
5276,Data Engineer II,leadership,3,7,42.857142857142854,Common
5277,Data Engineer II,hadoop,2,7,28.57142857142857,Common
5278,Data Engineer II,statistics,2,7,28.57142857142857,Common
5279,Data Engineer II,ci/cd,2,7,28.57142857142857,Common
5280,Data Engineer II,snowflake,2,7,28.57142857142857,Common
5281,Data Engineer II,kafka,2,7,28.57142857142857,Common
5282,Data Engineer II,kubernetes,2,7,28.57142857142857,Common
5283,Data Engineer II,hive,1,7,14.285714285714285,Supporting
5284,Data Engineer II,mentoring,1,7,14.285714285714285,Supporting
5285,Data Engineer II,tensorflow,1,7,14.285714285714285,Supporting
5286,Data Engineer II,cassandra,1,7,14.285714285714285,Supporting
5287,Data Engineer II,databricks,1,7,14.285714285714285,Supporting
5288,Data Engineer II,pytorch,1,7,14.285714285714285,Supporting
5289,Data Engineer II,etl,1,7,14.285714285714285,Supporting
5290,Data Engineer II,mongodb,1,7,14.285714285714285,Supporting
5291,Data Engineer II,tableau,1,7,14.285714285714285,Supporting
5292,Data Engineer II,airflow,1,7,14.285714285714285,Supporting
5293,Data Engineer II,jenkins,1,7,14.285714285714285,Supporting
5294,Data Engineer II,git,1,7,14.285714285714285,Supporting
5295,Data Engineer II,gitlab,1,7,14.285714285714285,Supporting
5296,Data Engineer II,jira,1,7,14.285714285714285,Supporting
5297,Data Engineer II,r,1,7,14.285714285714285,Supporting
5298,Data Engineer II,github,1,7,14.285714285714285,Supporting
5299,Data Engineer II,bigquery,1,7,14.285714285714285,Supporting
5300,Data Engineer II,dbt,1,7,14.285714285714285,Supporting
5301,Data Engineer II,flink,1,7,14.285714285714285,Supporting
5302,Data Engineer II,ruby,1,7,14.285714285714285,Supporting
5303,Data Engineer II,go,1,7,14.285714285714285,Supporting
5304,Data Engineer II,excel,1,7,14.285714285714285,Supporting
5305,Data Engineer II,oracle,1,7,14.285714285714285,Supporting
5306,Data Engineer II,infrastructure as code,1,7,14.285714285714285,Supporting
5307,Data Engineer II,decision making,1,7,14.285714285714285,Supporting
5955,Data Scientist,python,49,56,87.5,Core
5956,Data Scientist,machine learning,42,56,75.0,Core
5957,Data Scientist,sql,38,56,67.85714285714286,Core
5958,Data Scientist,statistics,34,56,60.71428571428571,Core
5959,Data Scientist,communication,30,56,53.57142857142857,Core
5960,Data Scientist,r,30,56,53.57142857142857,Core
5961,Data Scientist,data visualization,19,56,33.92857142857143,Common
5962,Data Scientist,collaboration,14,56,25.0,Common
5963,Data Scientist,tableau,14,56,25.0,Common
5964,Data Scientist,artificial intelligence,11,56,19.642857142857142,Supporting
5965,Data Scientist,hadoop,11,56,19.642857142857142,Supporting
5966,Data Scientist,pytorch,9,56,16.071428571428573,Supporting
5967,Data Scientist,deep learning,9,56,16.071428571428573,Supporting
5968,Data Scientist,leadership,9,56,16.071428571428573,Supporting
5969,Data Scientist,scala,7,56,12.5,Supporting
5970,Data Scientist,scikit-learn,7,56,12.5,Supporting
5971,Data Scientist,data pipelines,7,56,12.5,Supporting
5972,Data Scientist,pandas,6,56,10.714285714285714,Supporting
5973,Data Scientist,agile,6,56,10.714285714285714,Supporting
5974,Data Scientist,power bi,6,56,10.714285714285714,Supporting
5975,Data Scientist,natural language processing,6,56,10.714285714285714,Supporting
5976,Data Scientist,git,5,56,8.928571428571429,Supporting
5977,Data Scientist,etl,5,56,8.928571428571429,Supporting
5978,Data Scientist,mentoring,5,56,8.928571428571429,Supporting
5979,Data Scientist,numpy,5,56,8.928571428571429,Supporting
5980,Data Scientist,linux,5,56,8.928571428571429,Supporting
5981,Data Scientist,tensorflow,5,56,8.928571428571429,Supporting
5982,Data Scientist,problem solving,5,56,8.928571428571429,Supporting
5983,Data Scientist,c,4,56,7.142857142857142,Supporting
5984,Data Scientist,excel,4,56,7.142857142857142,Supporting
5985,Data Scientist,decision making,4,56,7.142857142857142,Supporting
5986,Data Scientist,docker,4,56,7.142857142857142,Supporting
5987,Data Scientist,feature engineering,4,56,7.142857142857142,Supporting
5988,Data Scientist,java,3,56,5.357142857142857,Supporting
5989,Data Scientist,bigquery,3,56,5.357142857142857,Supporting
5990,Data Scientist,cassandra,3,56,5.357142857142857,Supporting
5991,Data Scientist,oracle,3,56,5.357142857142857,Supporting
5992,Data Scientist,hive,3,56,5.357142857142857,Supporting
5993,Data Scientist,mlops,3,56,5.357142857142857,Supporting
5994,Data Scientist,keras,3,56,5.357142857142857,Supporting
5995,Data Scientist,less,3,56,5.357142857142857,Supporting
5996,Data Scientist,mysql,3,56,5.357142857142857,Supporting
5997,Data Scientist,kubernetes,3,56,5.357142857142857,Supporting
5998,Data Scientist,risk management,2,56,3.571428571428571,Rare
5999,Data Scientist,dbt,2,56,3.571428571428571,Rare
6000,Data Scientist,javascript,2,56,3.571428571428571,Rare
6001,Data Scientist,google cloud platform,2,56,3.571428571428571,Rare
6002,Data Scientist,mongodb,2,56,3.571428571428571,Rare
6003,Data Scientist,airflow,2,56,3.571428571428571,Rare
6004,Data Scientist,spacy,2,56,3.571428571428571,Rare
6005,Data Scientist,iot,2,56,3.571428571428571,Rare
6006,Data Scientist,critical thinking,2,56,3.571428571428571,Rare
6007,Data Scientist,seaborn,2,56,3.571428571428571,Rare
6008,Data Scientist,databricks,2,56,3.571428571428571,Rare
6009,Data Scientist,matplotlib,2,56,3.571428571428571,Rare
6010,Data Scientist,ci/cd,2,56,3.571428571428571,Rare
6011,Data Scientist,presentation skills,2,56,3.571428571428571,Rare
6012,Data Scientist,reinforcement learning,1,56,1.7857142857142856,Rare
6013,Data Scientist,system design,1,56,1.7857142857142856,Rare
6014,Data Scientist,kafka,1,56,1.7857142857142856,Rare
6015,Data Scientist,react,1,56,1.7857142857142856,Rare
6016,Data Scientist,xgboost,1,56,1.7857142857142856,Rare
6017,Data Scientist,postgresql,1,56,1.7857142857142856,Rare
6018,Data Scientist,next.js,1,56,1.7857142857142856,Rare
6019,Data Scientist,graphql,1,56,1.7857142857142856,Rare
6020,Data Scientist,julia,1,56,1.7857142857142856,Rare
6021,Data Scientist,scrum,1,56,1.7857142857142856,Rare
6022,Data Scientist,teamwork,1,56,1.7857142857142856,Rare
6023,Data Scientist,html,1,56,1.7857142857142856,Rare
6024,Data Scientist,data warehousing,1,56,1.7857142857142856,Rare
6025,Data Scientist,computer vision,1,56,1.7857142857142856,Rare
6026,Data Scientist,assembly,1,56,1.7857142857142856,Rare
6027,Data Scientist,bash,1,56,1.7857142857142856,Rare
6028,Data Scientist,unix,1,56,1.7857142857142856,Rare
6029,Data Scientist,perl,1,56,1.7857142857142856,Rare
6030,Data Scientist,shell scripting,1,56,1.7857142857142856,Rare
6031,Data Scientist,design patterns,1,56,1.7857142857142856,Rare
6032,Data Scientist,snowflake,1,56,1.7857142857142856,Rare
6033,Data Scientist,photoshop,1,56,1.7857142857142856,Rare
6034,Data Scientist,matlab,1,56,1.7857142857142856,Rare
6035,Data Scientist,go,1,56,1.7857142857142856,Rare
6036,Data Scientist,model deployment,1,56,1.7857142857142856,Rare
6300,Data Scientist Lead – Telematics (Remote),mentoring,6,6,100.0,Core
6301,Data Scientist Lead – Telematics (Remote),python,6,6,100.0,Core
6302,Data Scientist Lead – Telematics (Remote),iot,6,6,100.0,Core
6303,Data Scientist Lead – Telematics (Remote),statistics,6,6,100.0,Core
6304,Data Scientist Lead – Telematics (Remote),c,6,6,100.0,Core
6305,Data Scientist Lead – Telematics (Remote),collaboration,6,6,100.0,Core
6306,Data Scientist Lead – Telematics (Remote),sql,6,6,100.0,Core
6307,Data Scientist Lead – Telematics (Remote),r,6,6,100.0,Core
6308,Data Scientist Lead – Telematics (Remote),machine learning,6,6,100.0,Core
6309,Data Scientist Lead – Telematics (Remote),risk management,6,6,100.0,Core
6481,Database Developer,sql,8,8,100.0,Core
6482,Database Developer,collaboration,5,8,62.5,Core
6483,Database Developer,agile,5,8,62.5,Core
6484,Database Developer,communication,5,8,62.5,Core
6485,Database Developer,oracle,4,8,50.0,Core
6486,Database Developer,c,3,8,37.5,Common
6487,Database Developer,etl,3,8,37.5,Common
6488,Database Developer,microsoft sql server,3,8,37.5,Common
6489,Database Developer,mongodb,2,8,25.0,Common
6490,Database Developer,data warehousing,2,8,25.0,Common
6491,Database Developer,powershell,2,8,25.0,Common
6492,Database Developer,scrum,2,8,25.0,Common
6493,Database Developer,jira,2,8,25.0,Common
6494,Database Developer,confluence,2,8,25.0,Common
6495,Database Developer,python,1,8,12.5,Supporting
6496,Database Developer,cassandra,1,8,12.5,Supporting
6497,Database Developer,gitlab,1,8,12.5,Supporting
6498,Database Developer,mlops,1,8,12.5,Supporting
6499,Database Developer,apache,1,8,12.5,Supporting
6500,Database Developer,react,1,8,12.5,Supporting
6501,Database Developer,docker,1,8,12.5,Supporting
6502,Database Developer,neo4j,1,8,12.5,Supporting
6503,Database Developer,mariadb,1,8,12.5,Supporting
6504,Database Developer,kubernetes,1,8,12.5,Supporting
6505,Database Developer,hadoop,1,8,12.5,Supporting
6506,Database Developer,databricks,1,8,12.5,Supporting
6507,Database Developer,encryption,1,8,12.5,Supporting
6508,Database Developer,snowflake,1,8,12.5,Supporting
6509,Database Developer,windows,1,8,12.5,Supporting
6510,Database Developer,kanban,1,8,12.5,Supporting
6511,Database Developer,system design,1,8,12.5,Supporting
6512,Database Developer,bitbucket,1,8,12.5,Supporting
6513,Database Developer,teamwork,1,8,12.5,Supporting
6691,DevOps Engineer,ci/cd,29,55,52.72727272727272,Core
6692,DevOps Engineer,python,27,55,49.09090909090909,Common
6693,DevOps Engineer,kubernetes,25,55,45.45454545454545,Common
6694,DevOps Engineer,terraform,23,55,41.81818181818181,Common
6695,DevOps Engineer,docker,22,55,40.0,Common
6696,DevOps Engineer,linux,20,55,36.36363636363637,Common
6697,DevOps Engineer,communication,20,55,36.36363636363637,Common
6698,DevOps Engineer,jenkins,18,55,32.72727272727273,Common
6699,DevOps Engineer,infrastructure as code,17,55,30.909090909090907,Common
6700,DevOps Engineer,ansible,15,55,27.27272727272727,Common
6701,DevOps Engineer,powershell,12,55,21.818181818181817,Common
6702,DevOps Engineer,collaboration,12,55,21.818181818181817,Common
6703,DevOps Engineer,git,11,55,20.0,Common
6704,DevOps Engineer,java,11,55,20.0,Common
6705,DevOps Engineer,bash,11,55,20.0,Common
6706,DevOps Engineer,windows,10,55,18.181818181818183,Supporting
6707,DevOps Engineer,gitlab,9,55,16.363636363636363,Supporting
6708,DevOps Engineer,agile,8,55,14.545454545454545,Supporting
6709,DevOps Engineer,github,8,55,14.545454545454545,Supporting
6710,DevOps Engineer,chef,7,55,12.727272727272727,Supporting
6711,DevOps Engineer,sql,7,55,12.727272727272727,Supporting
6712,DevOps Engineer,prometheus,6,55,10.909090909090908,Supporting
6713,DevOps Engineer,leadership,6,55,10.909090909090908,Supporting
6714,DevOps Engineer,puppet,6,55,10.909090909090908,Supporting
6715,DevOps Engineer,javascript,5,55,9.090909090909092,Supporting
6716,DevOps Engineer,node.js,5,55,9.090909090909092,Supporting
6717,DevOps Engineer,bitbucket,5,55,9.090909090909092,Supporting
6718,DevOps Engineer,shell scripting,5,55,9.090909090909092,Supporting
6719,DevOps Engineer,php,5,55,9.090909090909092,Supporting
6720,DevOps Engineer,problem solving,5,55,9.090909090909092,Supporting
6721,DevOps Engineer,perl,5,55,9.090909090909092,Supporting
6722,DevOps Engineer,ruby,4,55,7.2727272727272725,Supporting
6723,DevOps Engineer,unix,4,55,7.2727272727272725,Supporting
6724,DevOps Engineer,kafka,4,55,7.2727272727272725,Supporting
6725,DevOps Engineer,dns,4,55,7.2727272727272725,Supporting
6726,DevOps Engineer,c,4,55,7.2727272727272725,Supporting
6727,DevOps Engineer,scrum,3,55,5.454545454545454,Supporting
6728,DevOps Engineer,github actions,3,55,5.454545454545454,Supporting
6729,DevOps Engineer,grafana,3,55,5.454545454545454,Supporting
6730,DevOps Engineer,angular,2,55,3.6363636363636362,Rare
6731,DevOps Engineer,microsoft azure,2,55,3.6363636363636362,Rare
6732,DevOps Engineer,gitlab ci/cd,2,55,3.6363636363636362,Rare
6733,DevOps Engineer,r,2,55,3.6363636363636362,Rare
6734,DevOps Engineer,unit testing,2,55,3.6363636363636362,Rare
6735,DevOps Engineer,dynamodb,2,55,3.6363636363636362,Rare
6736,DevOps Engineer,load balancing,2,55,3.6363636363636362,Rare
6737,DevOps Engineer,mongodb,2,55,3.6363636363636362,Rare
6738,DevOps Engineer,firewalls,2,55,3.6363636363636362,Rare
6739,DevOps Engineer,microsoft sql server,2,55,3.6363636363636362,Rare
6740,DevOps Engineer,encryption,2,55,3.6363636363636362,Rare
6741,DevOps Engineer,system design,2,55,3.6363636363636362,Rare
6742,DevOps Engineer,apache,2,55,3.6363636363636362,Rare
6743,DevOps Engineer,teamwork,2,55,3.6363636363636362,Rare
6744,DevOps Engineer,time management,2,55,3.6363636363636362,Rare
6745,DevOps Engineer,go,2,55,3.6363636363636362,Rare
6746,DevOps Engineer,critical thinking,2,55,3.6363636363636362,Rare
6747,DevOps Engineer,tcp/ip,2,55,3.6363636363636362,Rare
6748,DevOps Engineer,typescript,1,55,1.8181818181818181,Rare
6749,DevOps Engineer,red hat,1,55,1.8181818181818181,Rare
6750,DevOps Engineer,machine learning,1,55,1.8181818181818181,Rare
6751,DevOps Engineer,confluence,1,55,1.8181818181818181,Rare
6752,DevOps Engineer,rest api,1,55,1.8181818181818181,Rare
6753,DevOps Engineer,flask,1,55,1.8181818181818181,Rare
6754,DevOps Engineer,looker,1,55,1.8181818181818181,Rare
6755,DevOps Engineer,html,1,55,1.8181818181818181,Rare
6756,DevOps Engineer,soap,1,55,1.8181818181818181,Rare
6757,DevOps Engineer,mentoring,1,55,1.8181818181818181,Rare
6758,DevOps Engineer,oracle,1,55,1.8181818181818181,Rare
6759,DevOps Engineer,nginx,1,55,1.8181818181818181,Rare
6760,DevOps Engineer,mysql,1,55,1.8181818181818181,Rare
6761,DevOps Engineer,jira,1,55,1.8181818181818181,Rare
6762,DevOps Engineer,risk management,1,55,1.8181818181818181,Rare
6763,DevOps Engineer,test-driven development,1,55,1.8181818181818181,Rare
6764,DevOps Engineer,rust,1,55,1.8181818181818181,Rare
6765,DevOps Engineer,less,1,55,1.8181818181818181,Rare
6766,DevOps Engineer,amazon web services,1,55,1.8181818181818181,Rare
6767,DevOps Engineer,postgresql,1,55,1.8181818181818181,Rare
6768,DevOps Engineer,data structures and algorithms,1,55,1.8181818181818181,Rare
6769,DevOps Engineer,artificial intelligence,1,55,1.8181818181818181,Rare
6770,DevOps Engineer,databricks,1,55,1.8181818181818181,Rare
6771,DevOps Engineer,power bi,1,55,1.8181818181818181,Rare
6772,DevOps Engineer,redis,1,55,1.8181818181818181,Rare
6773,DevOps Engineer,data visualization,1,55,1.8181818181818181,Rare
6774,DevOps Engineer,etl,1,55,1.8181818181818181,Rare
6775,DevOps Engineer,elasticsearch,1,55,1.8181818181818181,Rare
6776,DevOps Engineer,c#,1,55,1.8181818181818181,Rare
7530,Embedded Software Engineer,c,29,32,90.625,Core
7531,Embedded Software Engineer,linux,15,32,46.875,Common
7532,Embedded Software Engineer,communication,11,32,34.375,Common
7533,Embedded Software Engineer,embedded c,8,32,25.0,Common
7534,Embedded Software Engineer,python,6,32,18.75,Supporting
7535,Embedded Software Engineer,collaboration,6,32,18.75,Supporting
7536,Embedded Software Engineer,git,5,32,15.625,Supporting
7537,Embedded Software Engineer,rtos,5,32,15.625,Supporting
7538,Embedded Software Engineer,c++,5,32,15.625,Supporting
7539,Embedded Software Engineer,problem solving,3,32,9.375,Supporting
7540,Embedded Software Engineer,r,3,32,9.375,Supporting
7541,Embedded Software Engineer,tcp/ip,3,32,9.375,Supporting
7542,Embedded Software Engineer,microcontrollers,3,32,9.375,Supporting
7543,Embedded Software Engineer,encryption,2,32,6.25,Supporting
7544,Embedded Software Engineer,java,2,32,6.25,Supporting
7545,Embedded Software Engineer,agile,2,32,6.25,Supporting
7546,Embedded Software Engineer,scrum,2,32,6.25,Supporting
7547,Embedded Software Engineer,matlab,2,32,6.25,Supporting
7548,Embedded Software Engineer,dns,2,32,6.25,Supporting
7549,Embedded Software Engineer,http/https,1,32,3.125,Rare
7550,Embedded Software Engineer,go,1,32,3.125,Rare
7551,Embedded Software Engineer,teamwork,1,32,3.125,Rare
7552,Embedded Software Engineer,product management,1,32,3.125,Rare
7553,Embedded Software Engineer,unit testing,1,32,3.125,Rare
7554,Embedded Software Engineer,mentoring,1,32,3.125,Rare
7555,Embedded Software Engineer,svn,1,32,3.125,Rare
7556,Embedded Software Engineer,adaptability,1,32,3.125,Rare
7557,Embedded Software Engineer,waterfall,1,32,3.125,Rare
7558,Embedded Software Engineer,bash,1,32,3.125,Rare
7559,Embedded Software Engineer,network security,1,32,3.125,Rare
7560,Embedded Software Engineer,shell scripting,1,32,3.125,Rare
7561,Embedded Software Engineer,rest api,1,32,3.125,Rare
7562,Embedded Software Engineer,ci/cd,1,32,3.125,Rare
7563,Embedded Software Engineer,less,1,32,3.125,Rare
7564,Embedded Software Engineer,jira,1,32,3.125,Rare
7565,Embedded Software Engineer,opengl,1,32,3.125,Rare
7566,Embedded Software Engineer,sql,1,32,3.125,Rare
7567,Embedded Software Engineer,windows,1,32,3.125,Rare
7568,Embedded Software Engineer,opencv,1,32,3.125,Rare
7569,Embedded Software Engineer,project planning,1,32,3.125,Rare
7570,Embedded Software Engineer,leadership,1,32,3.125,Rare
7571,Embedded Software Engineer,fpga,1,32,3.125,Rare
7572,Embedded Software Engineer,android development,1,32,3.125,Rare
7573,Embedded Software Engineer,javascript,1,32,3.125,Rare
7574,Embedded Software Engineer,ruby,1,32,3.125,Rare
7957,Financial Data Analyst,sql,4,5,80.0,Core
7958,Financial Data Analyst,power bi,4,5,80.0,Core
7959,Financial Data Analyst,excel,4,5,80.0,Core
7960,Financial Data Analyst,tableau,3,5,60.0,Core
7961,Financial Data Analyst,leadership,2,5,40.0,Common
7962,Financial Data Analyst,data visualization,2,5,40.0,Common
7963,Financial Data Analyst,critical thinking,1,5,20.0,Common
7964,Financial Data Analyst,visual basic,1,5,20.0,Common
7965,Financial Data Analyst,time management,1,5,20.0,Common
7966,Financial Data Analyst,communication,1,5,20.0,Common
7967,Financial Data Analyst,decision making,1,5,20.0,Common
7968,Financial Data Analyst,problem solving,1,5,20.0,Common
7969,Financial Data Analyst,collaboration,1,5,20.0,Common
7970,Financial Data Analyst,conflict resolution,1,5,20.0,Common
7989,Firmware Engineer,c,5,7,71.42857142857143,Core
7990,Firmware Engineer,communication,4,7,57.14285714285714,Core
7991,Firmware Engineer,embedded c,3,7,42.857142857142854,Common
7992,Firmware Engineer,python,2,7,28.57142857142857,Common
7993,Firmware Engineer,vhdl,2,7,28.57142857142857,Common
7994,Firmware Engineer,agile,2,7,28.57142857142857,Common
7995,Firmware Engineer,verilog,2,7,28.57142857142857,Common
7996,Firmware Engineer,git,2,7,28.57142857142857,Common
7997,Firmware Engineer,project planning,1,7,14.285714285714285,Supporting
7998,Firmware Engineer,c++,1,7,14.285714285714285,Supporting
7999,Firmware Engineer,bash,1,7,14.285714285714285,Supporting
8000,Firmware Engineer,rust,1,7,14.285714285714285,Supporting
8001,Firmware Engineer,iot,1,7,14.285714285714285,Supporting
8002,Firmware Engineer,critical thinking,1,7,14.285714285714285,Supporting
8003,Firmware Engineer,collaboration,1,7,14.285714285714285,Supporting
8004,Firmware Engineer,rtos,1,7,14.285714285714285,Supporting
8005,Firmware Engineer,lua,1,7,14.285714285714285,Supporting
8006,Firmware Engineer,macos,1,7,14.285714285714285,Supporting
8007,Firmware Engineer,teamwork,1,7,14.285714285714285,Supporting
8008,Firmware Engineer,r,1,7,14.285714285714285,Supporting
8009,Firmware Engineer,fpga,1,7,14.285714285714285,Supporting
8010,Firmware Engineer,matlab,1,7,14.285714285714285,Supporting
8011,Firmware Engineer,encryption,1,7,14.285714285714285,Supporting
8012,Firmware Engineer,tcp/ip,1,7,14.285714285714285,Supporting
8076,Flutter Developer,flutter,5,5,100.0,Core
8077,Flutter Developer,github,3,5,60.0,Core
8078,Flutter Developer,dart,3,5,60.0,Core
8079,Flutter Developer,javascript,1,5,20.0,Common
8080,Flutter Developer,c,1,5,20.0,Common
8081,Flutter Developer,react,1,5,20.0,Common
8082,Flutter Developer,angular,1,5,20.0,Common
8083,Flutter Developer,mysql,1,5,20.0,Common
8084,Flutter Developer,git,1,5,20.0,Common
8155,Front End Developer,html,4,5,80.0,Core
8156,Front End Developer,communication,3,5,60.0,Core
8157,Front End Developer,javascript,3,5,60.0,Core
8158,Front End Developer,css,3,5,60.0,Core
8159,Front End Developer,sql,2,5,40.0,Common
8160,Front End Developer,php,2,5,40.0,Common
8161,Front End Developer,excel,2,5,40.0,Common
8162,Front End Developer,angular,2,5,40.0,Common
8163,Front End Developer,collaboration,2,5,40.0,Common
8164,Front End Developer,typescript,1,5,20.0,Common
8165,Front End Developer,react,1,5,20.0,Common
8166,Front End Developer,agile,1,5,20.0,Common
8167,Front End Developer,python,1,5,20.0,Common
8168,Front End Developer,github,1,5,20.0,Common
8169,Front End Developer,unit testing,1,5,20.0,Common
8170,Front End Developer,problem solving,1,5,20.0,Common
8171,Front End Developer,jquery,1,5,20.0,Common
8172,Front End Developer,bootstrap,1,5,20.0,Common
8173,Front End Developer,node.js,1,5,20.0,Common
8174,Front End Developer,go,1,5,20.0,Common
8175,Front End Developer,microservices,1,5,20.0,Common
8176,Front End Developer,google cloud platform,1,5,20.0,Common
8177,Front End Developer,jenkins,1,5,20.0,Common
8178,Front End Developer,terraform,1,5,20.0,Common
8179,Front End Developer,git,1,5,20.0,Common
8180,Front End Developer,flask,1,5,20.0,Common
8181,Front End Developer,docker,1,5,20.0,Common
8182,Front End Developer,kubernetes,1,5,20.0,Common
8251,Frontend Developer,javascript,49,55,89.0909090909091,Core
8252,Frontend Developer,html,47,55,85.45454545454545,Core
8253,Frontend Developer,python,36,55,65.45454545454545,Core
8254,Frontend Developer,c,36,55,65.45454545454545,Core
8255,Frontend Developer,sql,36,55,65.45454545454545,Core
8256,Frontend Developer,css,14,55,25.454545454545453,Common
8257,Frontend Developer,communication,13,55,23.636363636363637,Common
8258,Frontend Developer,react,10,55,18.181818181818183,Supporting
8259,Frontend Developer,git,9,55,16.363636363636363,Supporting
8260,Frontend Developer,agile,8,55,14.545454545454545,Supporting
8261,Frontend Developer,angular,7,55,12.727272727272727,Supporting
8262,Frontend Developer,typescript,6,55,10.909090909090908,Supporting
8263,Frontend Developer,java,5,55,9.090909090909092,Supporting
8264,Frontend Developer,jira,4,55,7.2727272727272725,Supporting
8265,Frontend Developer,node.js,4,55,7.2727272727272725,Supporting
8266,Frontend Developer,unit testing,4,55,7.2727272727272725,Supporting
8267,Frontend Developer,redux,3,55,5.454545454545454,Supporting
8268,Frontend Developer,collaboration,3,55,5.454545454545454,Supporting
8269,Frontend Developer,teamwork,3,55,5.454545454545454,Supporting
8270,Frontend Developer,oracle,2,55,3.6363636363636362,Rare
8271,Frontend Developer,sass,2,55,3.6363636363636362,Rare
8272,Frontend Developer,scala,2,55,3.6363636363636362,Rare
8273,Frontend Developer,less,2,55,3.6363636363636362,Rare
8274,Frontend Developer,data structures and algorithms,2,55,3.6363636363636362,Rare
8275,Frontend Developer,hadoop,2,55,3.6363636363636362,Rare
8276,Frontend Developer,automation testing,2,55,3.6363636363636362,Rare
8277,Frontend Developer,ci/cd,2,55,3.6363636363636362,Rare
8278,Frontend Developer,kubernetes,2,55,3.6363636363636362,Rare
8279,Frontend Developer,webpack,2,55,3.6363636363636362,Rare
8280,Frontend Developer,php,2,55,3.6363636363636362,Rare
8281,Frontend Developer,bootstrap,2,55,3.6363636363636362,Rare
8282,Frontend Developer,go,2,55,3.6363636363636362,Rare
8283,Frontend Developer,jquery,2,55,3.6363636363636362,Rare
8284,Frontend Developer,docker,1,55,1.8181818181818181,Rare
8285,Frontend Developer,asp.net,1,55,1.8181818181818181,Rare
8286,Frontend Developer,laravel,1,55,1.8181818181818181,Rare
8287,Frontend Developer,time management,1,55,1.8181818181818181,Rare
8288,Frontend Developer,scrum,1,55,1.8181818181818181,Rare
8289,Frontend Developer,next.js,1,55,1.8181818181818181,Rare
8290,Frontend Developer,vue.js,1,55,1.8181818181818181,Rare
8291,Frontend Developer,manual testing,1,55,1.8181818181818181,Rare
8292,Frontend Developer,asana,1,55,1.8181818181818181,Rare
8293,Frontend Developer,slack,1,55,1.8181818181818181,Rare
8294,Frontend Developer,graphql,1,55,1.8181818181818181,Rare
8295,Frontend Developer,ui design,1,55,1.8181818181818181,Rare
8296,Frontend Developer,wireframing,1,55,1.8181818181818181,Rare
8297,Frontend Developer,r,1,55,1.8181818181818181,Rare
8298,Frontend Developer,data visualization,1,55,1.8181818181818181,Rare
8299,Frontend Developer,react native,1,55,1.8181818181818181,Rare
8300,Frontend Developer,kafka,1,55,1.8181818181818181,Rare
8301,Frontend Developer,prototyping,1,55,1.8181818181818181,Rare
8302,Frontend Developer,bitbucket,1,55,1.8181818181818181,Rare
8303,Frontend Developer,microsoft azure,1,55,1.8181818181818181,Rare
8304,Frontend Developer,power bi,1,55,1.8181818181818181,Rare
8305,Frontend Developer,problem solving,1,55,1.8181818181818181,Rare
8306,Frontend Developer,excel,1,55,1.8181818181818181,Rare
8307,Frontend Developer,test-driven development,1,55,1.8181818181818181,Rare
8334,Frontend Engineer,javascript,5,5,100.0,Core
8335,Frontend Engineer,react,4,5,80.0,Core
8336,Frontend Engineer,git,2,5,40.0,Common
8337,Frontend Engineer,collaboration,2,5,40.0,Common
8338,Frontend Engineer,redux,2,5,40.0,Common
8339,Frontend Engineer,typescript,2,5,40.0,Common
8340,Frontend Engineer,angular,2,5,40.0,Common
8341,Frontend Engineer,microservices,1,5,20.0,Common
8342,Frontend Engineer,python,1,5,20.0,Common
8343,Frontend Engineer,next.js,1,5,20.0,Common
8344,Frontend Engineer,rest api,1,5,20.0,Common
8345,Frontend Engineer,less,1,5,20.0,Common
8346,Frontend Engineer,ci/cd,1,5,20.0,Common
8347,Frontend Engineer,fastapi,1,5,20.0,Common
8348,Frontend Engineer,css,1,5,20.0,Common
8349,Frontend Engineer,html,1,5,20.0,Common
8350,Frontend Engineer,vue.js,1,5,20.0,Common
8351,Frontend Engineer,webpack,1,5,20.0,Common
8352,Frontend Engineer,scrum,1,5,20.0,Common
8353,Frontend Engineer,communication,1,5,20.0,Common
8354,Frontend Engineer,kanban,1,5,20.0,Common
8355,Frontend Engineer,agile,1,5,20.0,Common
8388,Full Stack Developer,java,7,14,50.0,Core
8389,Full Stack Developer,agile,6,14,42.857142857142854,Common
8390,Full Stack Developer,javascript,6,14,42.857142857142854,Common
8391,Full Stack Developer,sql,6,14,42.857142857142854,Common
8392,Full Stack Developer,react,6,14,42.857142857142854,Common
8393,Full Stack Developer,python,5,14,35.714285714285715,Common
8394,Full Stack Developer,ci/cd,4,14,28.57142857142857,Common
8395,Full Stack Developer,communication,4,14,28.57142857142857,Common
8396,Full Stack Developer,git,4,14,28.57142857142857,Common
8397,Full Stack Developer,c,4,14,28.57142857142857,Common
8398,Full Stack Developer,jenkins,3,14,21.428571428571427,Common
8399,Full Stack Developer,node.js,3,14,21.428571428571427,Common
8400,Full Stack Developer,angular,3,14,21.428571428571427,Common
8401,Full Stack Developer,ruby,3,14,21.428571428571427,Common
8402,Full Stack Developer,typescript,3,14,21.428571428571427,Common
8403,Full Stack Developer,mongodb,3,14,21.428571428571427,Common
8404,Full Stack Developer,scrum,3,14,21.428571428571427,Common
8405,Full Stack Developer,postgresql,3,14,21.428571428571427,Common
8406,Full Stack Developer,terraform,2,14,14.285714285714285,Supporting
8407,Full Stack Developer,microservices,2,14,14.285714285714285,Supporting
8408,Full Stack Developer,dynamodb,2,14,14.285714285714285,Supporting
8409,Full Stack Developer,svn,2,14,14.285714285714285,Supporting
8410,Full Stack Developer,jquery,2,14,14.285714285714285,Supporting
8411,Full Stack Developer,php,2,14,14.285714285714285,Supporting
8412,Full Stack Developer,mysql,2,14,14.285714285714285,Supporting
8413,Full Stack Developer,unit testing,2,14,14.285714285714285,Supporting
8414,Full Stack Developer,html,2,14,14.285714285714285,Supporting
8415,Full Stack Developer,css,2,14,14.285714285714285,Supporting
8416,Full Stack Developer,junit,2,14,14.285714285714285,Supporting
8417,Full Stack Developer,design patterns,2,14,14.285714285714285,Supporting
8418,Full Stack Developer,docker,2,14,14.285714285714285,Supporting
8419,Full Stack Developer,perl,1,14,7.142857142857142,Supporting
8420,Full Stack Developer,system design,1,14,7.142857142857142,Supporting
8421,Full Stack Developer,bash,1,14,7.142857142857142,Supporting
8422,Full Stack Developer,express.js,1,14,7.142857142857142,Supporting
8423,Full Stack Developer,powershell,1,14,7.142857142857142,Supporting
8424,Full Stack Developer,vue.js,1,14,7.142857142857142,Supporting
8425,Full Stack Developer,jira,1,14,7.142857142857142,Supporting
8426,Full Stack Developer,problem solving,1,14,7.142857142857142,Supporting
8427,Full Stack Developer,confluence,1,14,7.142857142857142,Supporting
8428,Full Stack Developer,bitbucket,1,14,7.142857142857142,Supporting
8429,Full Stack Developer,teamwork,1,14,7.142857142857142,Supporting
8430,Full Stack Developer,excel,1,14,7.142857142857142,Supporting
8431,Full Stack Developer,sqlite,1,14,7.142857142857142,Supporting
8432,Full Stack Developer,mariadb,1,14,7.142857142857142,Supporting
8433,Full Stack Developer,linux,1,14,7.142857142857142,Supporting
8434,Full Stack Developer,windows,1,14,7.142857142857142,Supporting
8435,Full Stack Developer,c#,1,14,7.142857142857142,Supporting
8436,Full Stack Developer,microsoft azure,1,14,7.142857142857142,Supporting
8437,Full Stack Developer,kafka,1,14,7.142857142857142,Supporting
8438,Full Stack Developer,spring boot,1,14,7.142857142857142,Supporting
8439,Full Stack Developer,collaboration,1,14,7.142857142857142,Supporting
8440,Full Stack Developer,microservices architecture,1,14,7.142857142857142,Supporting
8441,Full Stack Developer,rust,1,14,7.142857142857142,Supporting
8442,Full Stack Developer,ruby on rails,1,14,7.142857142857142,Supporting
8443,Full Stack Developer,selenium,1,14,7.142857142857142,Supporting
8444,Full Stack Developer,redux,1,14,7.142857142857142,Supporting
8445,Full Stack Developer,kanban,1,14,7.142857142857142,Supporting
8446,Full Stack Developer,kubernetes,1,14,7.142857142857142,Supporting
8447,Full Stack Developer,graphql,1,14,7.142857142857142,Supporting
8448,Full Stack Developer,game design,1,14,7.142857142857142,Supporting
8449,Full Stack Developer,fastapi,1,14,7.142857142857142,Supporting
8450,Full Stack Developer,asp.net,1,14,7.142857142857142,Supporting
8451,Full Stack Developer,oracle,1,14,7.142857142857142,Supporting
8452,Full Stack Developer,time management,1,14,7.142857142857142,Supporting
8504,Full Stack Engineer,react,34,57,59.64912280701754,Core
8505,Full Stack Engineer,java,28,57,49.122807017543856,Common
8506,Full Stack Engineer,communication,24,57,42.10526315789473,Common
8507,Full Stack Engineer,agile,24,57,42.10526315789473,Common
8508,Full Stack Engineer,python,22,57,38.59649122807017,Common
8509,Full Stack Engineer,sql,22,57,38.59649122807017,Common
8510,Full Stack Engineer,javascript,21,57,36.84210526315789,Common
8511,Full Stack Engineer,angular,18,57,31.57894736842105,Common
8512,Full Stack Engineer,typescript,16,57,28.07017543859649,Common
8513,Full Stack Engineer,node.js,14,57,24.561403508771928,Common
8514,Full Stack Engineer,ci/cd,14,57,24.561403508771928,Common
8515,Full Stack Engineer,collaboration,12,57,21.052631578947366,Common
8516,Full Stack Engineer,oracle,12,57,21.052631578947366,Common
8517,Full Stack Engineer,css,11,57,19.298245614035086,Supporting
8518,Full Stack Engineer,microservices,11,57,19.298245614035086,Supporting
8519,Full Stack Engineer,git,10,57,17.543859649122805,Supporting
8520,Full Stack Engineer,c,10,57,17.543859649122805,Supporting
8521,Full Stack Engineer,html,10,57,17.543859649122805,Supporting
8522,Full Stack Engineer,kubernetes,9,57,15.789473684210526,Supporting
8523,Full Stack Engineer,postgresql,8,57,14.035087719298245,Supporting
8524,Full Stack Engineer,docker,8,57,14.035087719298245,Supporting
8525,Full Stack Engineer,github,8,57,14.035087719298245,Supporting
8526,Full Stack Engineer,mysql,8,57,14.035087719298245,Supporting
8527,Full Stack Engineer,scrum,7,57,12.280701754385964,Supporting
8528,Full Stack Engineer,mongodb,6,57,10.526315789473683,Supporting
8529,Full Stack Engineer,graphql,6,57,10.526315789473683,Supporting
8530,Full Stack Engineer,jenkins,6,57,10.526315789473683,Supporting
8531,Full Stack Engineer,design patterns,6,57,10.526315789473683,Supporting
8532,Full Stack Engineer,django,5,57,8.771929824561402,Supporting
8533,Full Stack Engineer,spring boot,5,57,8.771929824561402,Supporting
8534,Full Stack Engineer,jira,5,57,8.771929824561402,Supporting
8535,Full Stack Engineer,express.js,4,57,7.017543859649122,Supporting
8536,Full Stack Engineer,rest api,4,57,7.017543859649122,Supporting
8537,Full Stack Engineer,react native,4,57,7.017543859649122,Supporting
8538,Full Stack Engineer,kotlin,4,57,7.017543859649122,Supporting
8539,Full Stack Engineer,product management,3,57,5.263157894736842,Supporting
8540,Full Stack Engineer,machine learning,3,57,5.263157894736842,Supporting
8541,Full Stack Engineer,asp.net,3,57,5.263157894736842,Supporting
8542,Full Stack Engineer,go,3,57,5.263157894736842,Supporting
8543,Full Stack Engineer,teamwork,3,57,5.263157894736842,Supporting
8544,Full Stack Engineer,ruby,3,57,5.263157894736842,Supporting
8545,Full Stack Engineer,next.js,3,57,5.263157894736842,Supporting
8546,Full Stack Engineer,terraform,3,57,5.263157894736842,Supporting
8547,Full Stack Engineer,gitlab,3,57,5.263157894736842,Supporting
8548,Full Stack Engineer,linux,3,57,5.263157894736842,Supporting
8549,Full Stack Engineer,bash,3,57,5.263157894736842,Supporting
8550,Full Stack Engineer,php,3,57,5.263157894736842,Supporting
8551,Full Stack Engineer,windows,3,57,5.263157894736842,Supporting
8552,Full Stack Engineer,dynamodb,3,57,5.263157894736842,Supporting
8553,Full Stack Engineer,microservices architecture,3,57,5.263157894736842,Supporting
8554,Full Stack Engineer,leadership,3,57,5.263157894736842,Supporting
8555,Full Stack Engineer,kafka,3,57,5.263157894736842,Supporting
8556,Full Stack Engineer,nginx,2,57,3.508771929824561,Rare
8557,Full Stack Engineer,artificial intelligence,2,57,3.508771929824561,Rare
8558,Full Stack Engineer,microsoft azure,2,57,3.508771929824561,Rare
8559,Full Stack Engineer,redis,2,57,3.508771929824561,Rare
8560,Full Stack Engineer,redux,2,57,3.508771929824561,Rare
8561,Full Stack Engineer,scala,2,57,3.508771929824561,Rare
8562,Full Stack Engineer,powershell,2,57,3.508771929824561,Rare
8563,Full Stack Engineer,snowflake,2,57,3.508771929824561,Rare
8564,Full Stack Engineer,jquery,2,57,3.508771929824561,Rare
8565,Full Stack Engineer,unit testing,2,57,3.508771929824561,Rare
8566,Full Stack Engineer,power bi,2,57,3.508771929824561,Rare
8567,Full Stack Engineer,github actions,2,57,3.508771929824561,Rare
8568,Full Stack Engineer,soap,2,57,3.508771929824561,Rare
8569,Full Stack Engineer,encryption,2,57,3.508771929824561,Rare
8570,Full Stack Engineer,system design,2,57,3.508771929824561,Rare
8571,Full Stack Engineer,unix,2,57,3.508771929824561,Rare
8572,Full Stack Engineer,swift,2,57,3.508771929824561,Rare
8573,Full Stack Engineer,bootstrap,2,57,3.508771929824561,Rare
8574,Full Stack Engineer,mentoring,1,57,1.7543859649122806,Rare
8575,Full Stack Engineer,google cloud platform,1,57,1.7543859649122806,Rare
8576,Full Stack Engineer,apache,1,57,1.7543859649122806,Rare
8577,Full Stack Engineer,fastapi,1,57,1.7543859649122806,Rare
8578,Full Stack Engineer,vue.js,1,57,1.7543859649122806,Rare
8579,Full Stack Engineer,ruby on rails,1,57,1.7543859649122806,Rare
8580,Full Stack Engineer,nestjs,1,57,1.7543859649122806,Rare
8581,Full Stack Engineer,android development,1,57,1.7543859649122806,Rare
8582,Full Stack Engineer,cassandra,1,57,1.7543859649122806,Rare
8583,Full Stack Engineer,bigquery,1,57,1.7543859649122806,Rare
8584,Full Stack Engineer,gitlab ci/cd,1,57,1.7543859649122806,Rare
8585,Full Stack Engineer,infrastructure as code,1,57,1.7543859649122806,Rare
8586,Full Stack Engineer,adaptability,1,57,1.7543859649122806,Rare
8587,Full Stack Engineer,flask,1,57,1.7543859649122806,Rare
8588,Full Stack Engineer,presentation skills,1,57,1.7543859649122806,Rare
8589,Full Stack Engineer,firewalls,1,57,1.7543859649122806,Rare
8590,Full Stack Engineer,waterfall,1,57,1.7543859649122806,Rare
8591,Full Stack Engineer,decision making,1,57,1.7543859649122806,Rare
8592,Full Stack Engineer,cypress,1,57,1.7543859649122806,Rare
8593,Full Stack Engineer,figma,1,57,1.7543859649122806,Rare
8594,Full Stack Engineer,flutter,1,57,1.7543859649122806,Rare
8595,Full Stack Engineer,selenium,1,57,1.7543859649122806,Rare
8596,Full Stack Engineer,kanban,1,57,1.7543859649122806,Rare
8597,Full Stack Engineer,less,1,57,1.7543859649122806,Rare
8598,Full Stack Engineer,databricks,1,57,1.7543859649122806,Rare
8599,Full Stack Engineer,r,1,57,1.7543859649122806,Rare
8600,Full Stack Engineer,neo4j,1,57,1.7543859649122806,Rare
8601,Full Stack Engineer,elasticsearch,1,57,1.7543859649122806,Rare
8602,Full Stack Engineer,firebase,1,57,1.7543859649122806,Rare
8603,Full Stack Engineer,amazon web services,1,57,1.7543859649122806,Rare
8604,Full Stack Engineer,microsoft sql server,1,57,1.7543859649122806,Rare
8605,Full Stack Engineer,etl,1,57,1.7543859649122806,Rare
9255,Hardware/Software Systems Engineer (NASA HHPC- Johnson Space Center),communication,5,5,100.0,Core
9256,Hardware/Software Systems Engineer (NASA HHPC- Johnson Space Center),critical thinking,5,5,100.0,Core
9257,Hardware/Software Systems Engineer (NASA HHPC- Johnson Space Center),collaboration,5,5,100.0,Core
9258,Hardware/Software Systems Engineer (NASA HHPC- Johnson Space Center),leadership,5,5,100.0,Core
9259,Hardware/Software Systems Engineer (NASA HHPC- Johnson Space Center),data visualization,5,5,100.0,Core
9260,Hardware/Software Systems Engineer (NASA HHPC- Johnson Space Center),excel,5,5,100.0,Core
9570,Information Security Analyst,communication,5,10,50.0,Core
9571,Information Security Analyst,windows,5,10,50.0,Core
9572,Information Security Analyst,firewalls,5,10,50.0,Core
9573,Information Security Analyst,siem,3,10,30.0,Common
9574,Information Security Analyst,linux,3,10,30.0,Common
9575,Information Security Analyst,java,3,10,30.0,Common
9576,Information Security Analyst,dns,2,10,20.0,Common
9577,Information Security Analyst,network security,2,10,20.0,Common
9578,Information Security Analyst,oracle,2,10,20.0,Common
9579,Information Security Analyst,python,2,10,20.0,Common
9580,Information Security Analyst,collaboration,1,10,10.0,Supporting
9581,Information Security Analyst,critical thinking,1,10,10.0,Supporting
9582,Information Security Analyst,vulnerability assessment,1,10,10.0,Supporting
9583,Information Security Analyst,vpn,1,10,10.0,Supporting
9584,Information Security Analyst,encryption,1,10,10.0,Supporting
9585,Information Security Analyst,sap,1,10,10.0,Supporting
9586,Information Security Analyst,jira,1,10,10.0,Supporting
9587,Information Security Analyst,tcp/ip,1,10,10.0,Supporting
9588,Information Security Analyst,unix,1,10,10.0,Supporting
9589,Information Security Analyst,microsoft sql server,1,10,10.0,Supporting
9590,Information Security Analyst,sql,1,10,10.0,Supporting
9591,Information Security Analyst,penetration testing,1,10,10.0,Supporting
9592,Information Security Analyst,ansible,1,10,10.0,Supporting
9593,Information Security Analyst,bash,1,10,10.0,Supporting
9594,Information Security Analyst,powershell,1,10,10.0,Supporting
9595,Information Security Analyst,javascript,1,10,10.0,Supporting
9638,Information Security Engineer,siem,6,9,66.66666666666666,Core
9639,Information Security Engineer,python,5,9,55.55555555555556,Core
9640,Information Security Engineer,powershell,4,9,44.44444444444444,Common
9641,Information Security Engineer,linux,3,9,33.33333333333333,Common
9642,Information Security Engineer,windows,3,9,33.33333333333333,Common
9643,Information Security Engineer,terraform,3,9,33.33333333333333,Common
9644,Information Security Engineer,kubernetes,3,9,33.33333333333333,Common
9645,Information Security Engineer,encryption,2,9,22.22222222222222,Common
9646,Information Security Engineer,communication,2,9,22.22222222222222,Common
9647,Information Security Engineer,tcp/ip,2,9,22.22222222222222,Common
9648,Information Security Engineer,bash,2,9,22.22222222222222,Common
9649,Information Security Engineer,java,2,9,22.22222222222222,Common
9650,Information Security Engineer,ruby,2,9,22.22222222222222,Common
9651,Information Security Engineer,sql,2,9,22.22222222222222,Common
9652,Information Security Engineer,unix,2,9,22.22222222222222,Common
9653,Information Security Engineer,perl,2,9,22.22222222222222,Common
9654,Information Security Engineer,infrastructure as code,2,9,22.22222222222222,Common
9655,Information Security Engineer,scrum,2,9,22.22222222222222,Common
9656,Information Security Engineer,kanban,2,9,22.22222222222222,Common
9657,Information Security Engineer,agile,2,9,22.22222222222222,Common
9658,Information Security Engineer,ci/cd,1,9,11.11111111111111,Supporting
9659,Information Security Engineer,firewalls,1,9,11.11111111111111,Supporting
9660,Information Security Engineer,c,1,9,11.11111111111111,Supporting
9661,Information Security Engineer,macos,1,9,11.11111111111111,Supporting
9662,Information Security Engineer,collaboration,1,9,11.11111111111111,Supporting
9663,Information Security Engineer,leadership,1,9,11.11111111111111,Supporting
9664,Information Security Engineer,oracle,1,9,11.11111111111111,Supporting
9665,Information Security Engineer,critical thinking,1,9,11.11111111111111,Supporting
9666,Information Security Engineer,iso 27001,1,9,11.11111111111111,Supporting
9667,Information Security Engineer,mysql,1,9,11.11111111111111,Supporting
9668,Information Security Engineer,vpn,1,9,11.11111111111111,Supporting
9669,Information Security Engineer,dns,1,9,11.11111111111111,Supporting
9670,Information Security Engineer,bigquery,1,9,11.11111111111111,Supporting
9671,Information Security Engineer,presentation skills,1,9,11.11111111111111,Supporting
9672,Information Security Engineer,snowflake,1,9,11.11111111111111,Supporting
9673,Information Security Engineer,git,1,9,11.11111111111111,Supporting
9674,Information Security Engineer,machine learning,1,9,11.11111111111111,Supporting
9675,Information Security Engineer,kafka,1,9,11.11111111111111,Supporting
9676,Information Security Engineer,ansible,1,9,11.11111111111111,Supporting
9677,Information Security Engineer,docker,1,9,11.11111111111111,Supporting
9678,Information Security Engineer,etl,1,9,11.11111111111111,Supporting
9801,Infrastructure Engineer,windows,6,11,54.54545454545454,Core
9802,Infrastructure Engineer,dns,5,11,45.45454545454545,Common
9803,Infrastructure Engineer,sql,4,11,36.36363636363637,Common
9804,Infrastructure Engineer,mentoring,3,11,27.27272727272727,Common
9805,Infrastructure Engineer,communication,3,11,27.27272727272727,Common
9806,Infrastructure Engineer,linux,3,11,27.27272727272727,Common
9807,Infrastructure Engineer,firewalls,2,11,18.181818181818183,Supporting
9808,Infrastructure Engineer,c,2,11,18.181818181818183,Supporting
9809,Infrastructure Engineer,java,2,11,18.181818181818183,Supporting
9810,Infrastructure Engineer,python,2,11,18.181818181818183,Supporting
9811,Infrastructure Engineer,powershell,2,11,18.181818181818183,Supporting
9812,Infrastructure Engineer,apache,1,11,9.090909090909092,Supporting
9813,Infrastructure Engineer,problem solving,1,11,9.090909090909092,Supporting
9814,Infrastructure Engineer,postgresql,1,11,9.090909090909092,Supporting
9815,Infrastructure Engineer,ionic,1,11,9.090909090909092,Supporting
9816,Infrastructure Engineer,oracle,1,11,9.090909090909092,Supporting
9817,Infrastructure Engineer,tcp/ip,1,11,9.090909090909092,Supporting
9818,Infrastructure Engineer,soap,1,11,9.090909090909092,Supporting
9819,Infrastructure Engineer,red hat,1,11,9.090909090909092,Supporting
9820,Infrastructure Engineer,mysql,1,11,9.090909090909092,Supporting
9821,Infrastructure Engineer,mongodb,1,11,9.090909090909092,Supporting
9822,Infrastructure Engineer,react,1,11,9.090909090909092,Supporting
9823,Infrastructure Engineer,leadership,1,11,9.090909090909092,Supporting
9824,Infrastructure Engineer,cassandra,1,11,9.090909090909092,Supporting
9825,Infrastructure Engineer,nginx,1,11,9.090909090909092,Supporting
9826,Infrastructure Engineer,unix,1,11,9.090909090909092,Supporting
9827,Infrastructure Engineer,perl,1,11,9.090909090909092,Supporting
9828,Infrastructure Engineer,shell scripting,1,11,9.090909090909092,Supporting
9829,Infrastructure Engineer,risk management,1,11,9.090909090909092,Supporting
9830,Infrastructure Engineer,microservices,1,11,9.090909090909092,Supporting
9831,Infrastructure Engineer,ci/cd,1,11,9.090909090909092,Supporting
9832,Infrastructure Engineer,excel,1,11,9.090909090909092,Supporting
9833,Infrastructure Engineer,r,1,11,9.090909090909092,Supporting
9834,Infrastructure Engineer,collaboration,1,11,9.090909090909092,Supporting
9835,Infrastructure Engineer,network security,1,11,9.090909090909092,Supporting
9836,Infrastructure Engineer,teamwork,1,11,9.090909090909092,Supporting
9849,Infrastructure Engineer (Network Operations),communication,5,5,100.0,Core
9850,Infrastructure Engineer (Network Operations),git,5,5,100.0,Core
9851,Infrastructure Engineer (Network Operations),ansible,5,5,100.0,Core
9852,Infrastructure Engineer (Network Operations),collaboration,5,5,100.0,Core
9853,Infrastructure Engineer (Network Operations),leadership,5,5,100.0,Core
9854,Infrastructure Engineer (Network Operations),teamwork,5,5,100.0,Core
9855,Infrastructure Engineer (Network Operations),vpn,5,5,100.0,Core
9856,Infrastructure Engineer (Network Operations),agile,5,5,100.0,Core
9857,Infrastructure Engineer (Network Operations),risk management,5,5,100.0,Core
9858,Infrastructure Engineer (Network Operations),load balancing,3,5,60.0,Core
9859,Infrastructure Engineer (Network Operations),dns,3,5,60.0,Core
9860,Infrastructure Engineer (Network Operations),network security,2,5,40.0,Common
9928,Inside Sales Application Engineer II,communication,12,12,100.0,Core
9929,Inside Sales Application Engineer II,excel,12,12,100.0,Core
10040,Java Application Developer,java,5,5,100.0,Core
10041,Java Application Developer,node.js,3,5,60.0,Core
10042,Java Application Developer,react,3,5,60.0,Core
10043,Java Application Developer,agile,3,5,60.0,Core
10044,Java Application Developer,typescript,2,5,40.0,Common
10045,Java Application Developer,communication,2,5,40.0,Common
10046,Java Application Developer,git,2,5,40.0,Common
10047,Java Application Developer,javascript,2,5,40.0,Common
10048,Java Application Developer,angular,2,5,40.0,Common
10049,Java Application Developer,ci/cd,2,5,40.0,Common
10050,Java Application Developer,python,1,5,20.0,Common
10051,Java Application Developer,gitlab,1,5,20.0,Common
10052,Java Application Developer,critical thinking,1,5,20.0,Common
10053,Java Application Developer,sql,1,5,20.0,Common
10054,Java Application Developer,slack,1,5,20.0,Common
10055,Java Application Developer,mysql,1,5,20.0,Common
10056,Java Application Developer,trello,1,5,20.0,Common
10057,Java Application Developer,teamwork,1,5,20.0,Common
10058,Java Application Developer,postgresql,1,5,20.0,Common
10059,Java Application Developer,mongodb,1,5,20.0,Common
10060,Java Application Developer,github,1,5,20.0,Common
10061,Java Application Developer,terraform,1,5,20.0,Common
10062,Java Application Developer,kafka,1,5,20.0,Common
10063,Java Application Developer,leadership,1,5,20.0,Common
10064,Java Application Developer,go,1,5,20.0,Common
10065,Java Application Developer,grpc,1,5,20.0,Common
10123,Java Full Stack Developer,java,6,6,100.0,Core
10124,Java Full Stack Developer,angular,5,6,83.33333333333334,Core
10125,Java Full Stack Developer,agile,5,6,83.33333333333334,Core
10126,Java Full Stack Developer,mentoring,3,6,50.0,Core
10127,Java Full Stack Developer,communication,3,6,50.0,Core
10128,Java Full Stack Developer,spring boot,3,6,50.0,Core
10129,Java Full Stack Developer,ci/cd,3,6,50.0,Core
10130,Java Full Stack Developer,html,3,6,50.0,Core
10131,Java Full Stack Developer,microservices,2,6,33.33333333333333,Common
10132,Java Full Stack Developer,kafka,2,6,33.33333333333333,Common
10133,Java Full Stack Developer,jenkins,2,6,33.33333333333333,Common
10134,Java Full Stack Developer,linux,2,6,33.33333333333333,Common
10135,Java Full Stack Developer,scrum,2,6,33.33333333333333,Common
10136,Java Full Stack Developer,docker,2,6,33.33333333333333,Common
10137,Java Full Stack Developer,javascript,2,6,33.33333333333333,Common
10138,Java Full Stack Developer,junit,2,6,33.33333333333333,Common
10139,Java Full Stack Developer,artificial intelligence,2,6,33.33333333333333,Common
10140,Java Full Stack Developer,git,2,6,33.33333333333333,Common
10141,Java Full Stack Developer,css,2,6,33.33333333333333,Common
10142,Java Full Stack Developer,mongodb,1,6,16.666666666666664,Supporting
10143,Java Full Stack Developer,gitlab,1,6,16.666666666666664,Supporting
10144,Java Full Stack Developer,rest api,1,6,16.666666666666664,Supporting
10145,Java Full Stack Developer,cassandra,1,6,16.666666666666664,Supporting
10146,Java Full Stack Developer,test-driven development,1,6,16.666666666666664,Supporting
10147,Java Full Stack Developer,redis,1,6,16.666666666666664,Supporting
10148,Java Full Stack Developer,react,1,6,16.666666666666664,Supporting
10149,Java Full Stack Developer,snowflake,1,6,16.666666666666664,Supporting
10150,Java Full Stack Developer,hadoop,1,6,16.666666666666664,Supporting
10151,Java Full Stack Developer,jquery,1,6,16.666666666666664,Supporting
10152,Java Full Stack Developer,unit testing,1,6,16.666666666666664,Supporting
10153,Java Full Stack Developer,windows,1,6,16.666666666666664,Supporting
10154,Java Full Stack Developer,typescript,1,6,16.666666666666664,Supporting
10155,Java Full Stack Developer,kanban,1,6,16.666666666666664,Supporting
10156,Java Full Stack Developer,google cloud platform,1,6,16.666666666666664,Supporting
10157,Java Full Stack Developer,design patterns,1,6,16.666666666666664,Supporting
10158,Java Full Stack Developer,sql,1,6,16.666666666666664,Supporting
10159,Java Full Stack Developer,collaboration,1,6,16.666666666666664,Supporting
10160,Java Full Stack Developer,kubernetes,1,6,16.666666666666664,Supporting
10245,Java Software Engineer,java,16,16,100.0,Core
10246,Java Software Engineer,agile,7,16,43.75,Common
10247,Java Software Engineer,jenkins,4,16,25.0,Common
10248,Java Software Engineer,spring boot,4,16,25.0,Common
10249,Java Software Engineer,sql,4,16,25.0,Common
10250,Java Software Engineer,microservices,4,16,25.0,Common
10251,Java Software Engineer,communication,4,16,25.0,Common
10252,Java Software Engineer,collaboration,4,16,25.0,Common
10253,Java Software Engineer,bitbucket,3,16,18.75,Supporting
10254,Java Software Engineer,github,3,16,18.75,Supporting
10255,Java Software Engineer,leadership,3,16,18.75,Supporting
10256,Java Software Engineer,kafka,3,16,18.75,Supporting
10257,Java Software Engineer,kubernetes,2,16,12.5,Supporting
10258,Java Software Engineer,react,2,16,12.5,Supporting
10259,Java Software Engineer,scrum,2,16,12.5,Supporting
10260,Java Software Engineer,test-driven development,2,16,12.5,Supporting
10261,Java Software Engineer,ci/cd,2,16,12.5,Supporting
10262,Java Software Engineer,design patterns,2,16,12.5,Supporting
10263,Java Software Engineer,mongodb,2,16,12.5,Supporting
10264,Java Software Engineer,google cloud platform,1,16,6.25,Supporting
10265,Java Software Engineer,terraform,1,16,6.25,Supporting
10266,Java Software Engineer,junit,1,16,6.25,Supporting
10267,Java Software Engineer,infrastructure as code,1,16,6.25,Supporting
10268,Java Software Engineer,oracle,1,16,6.25,Supporting
10269,Java Software Engineer,kotlin,1,16,6.25,Supporting
10270,Java Software Engineer,scala,1,16,6.25,Supporting
10271,Java Software Engineer,soap,1,16,6.25,Supporting
10272,Java Software Engineer,teamwork,1,16,6.25,Supporting
10273,Java Software Engineer,microsoft azure,1,16,6.25,Supporting
10274,Java Software Engineer,jira,1,16,6.25,Supporting
10275,Java Software Engineer,confluence,1,16,6.25,Supporting
10276,Java Software Engineer,kanban,1,16,6.25,Supporting
10277,Java Software Engineer,time management,1,16,6.25,Supporting
10278,Java Software Engineer,gitlab,1,16,6.25,Supporting
10279,Java Software Engineer,rest api,1,16,6.25,Supporting
10280,Java Software Engineer,cassandra,1,16,6.25,Supporting
10281,Java Software Engineer,linux,1,16,6.25,Supporting
10282,Java Software Engineer,redis,1,16,6.25,Supporting
10283,Java Software Engineer,angular,1,16,6.25,Supporting
10284,Java Software Engineer,docker,1,16,6.25,Supporting
10285,Java Software Engineer,prototyping,1,16,6.25,Supporting
10286,Java Software Engineer,snowflake,1,16,6.25,Supporting
10287,Java Software Engineer,system design,1,16,6.25,Supporting
10288,Java Software Engineer,selenium,1,16,6.25,Supporting
10289,Java Software Engineer,problem solving,1,16,6.25,Supporting
10290,Java Software Engineer,sass,1,16,6.25,Supporting
10291,Java Software Engineer,html,1,16,6.25,Supporting
10292,Java Software Engineer,bootstrap,1,16,6.25,Supporting
10293,Java Software Engineer,css,1,16,6.25,Supporting
10294,Java Software Engineer,less,1,16,6.25,Supporting
10295,Java Software Engineer,python,1,16,6.25,Supporting
10296,Java Software Engineer,unit testing,1,16,6.25,Supporting
10297,Java Software Engineer,javascript,1,16,6.25,Supporting
10553,Junior Data Analyst,sql,3,5,60.0,Core
10554,Junior Data Analyst,communication,2,5,40.0,Common
10555,Junior Data Analyst,data visualization,2,5,40.0,Common
10556,Junior Data Analyst,tableau,2,5,40.0,Common
10557,Junior Data Analyst,excel,2,5,40.0,Common
10558,Junior Data Analyst,data warehousing,1,5,20.0,Common
10559,Junior Data Analyst,etl,1,5,20.0,Common
10560,Junior Data Analyst,visual basic,1,5,20.0,Common
10561,Junior Data Analyst,machine learning,1,5,20.0,Common
10562,Junior Data Analyst,power bi,1,5,20.0,Common
10563,Junior Data Analyst,leadership,1,5,20.0,Common
10564,Junior Data Analyst,six sigma,1,5,20.0,Common
10565,Junior Data Analyst,statistics,1,5,20.0,Common
10566,Junior Data Analyst,python,1,5,20.0,Common
10567,Junior Data Analyst,microservices,1,5,20.0,Common
10568,Junior Data Analyst,project planning,1,5,20.0,Common
10569,Junior Data Analyst,spring boot,1,5,20.0,Common
10570,Junior Data Analyst,collaboration,1,5,20.0,Common
10571,Junior Data Analyst,microservices architecture,1,5,20.0,Common
10572,Junior Data Analyst,ci/cd,1,5,20.0,Common
10573,Junior Data Analyst,java,1,5,20.0,Common
10574,Junior Data Analyst,docker,1,5,20.0,Common
10575,Junior Data Analyst,agile,1,5,20.0,Common
11102,Lead Data Engineer,python,9,12,75.0,Core
11103,Lead Data Engineer,sql,9,12,75.0,Core
11104,Lead Data Engineer,snowflake,7,12,58.333333333333336,Core
11105,Lead Data Engineer,data pipelines,6,12,50.0,Core
11106,Lead Data Engineer,databricks,5,12,41.66666666666667,Common
11107,Lead Data Engineer,airflow,5,12,41.66666666666667,Common
11108,Lead Data Engineer,etl,4,12,33.33333333333333,Common
11109,Lead Data Engineer,kafka,4,12,33.33333333333333,Common
11110,Lead Data Engineer,agile,4,12,33.33333333333333,Common
11111,Lead Data Engineer,data warehousing,3,12,25.0,Common
11112,Lead Data Engineer,java,3,12,25.0,Common
11113,Lead Data Engineer,jira,3,12,25.0,Common
11114,Lead Data Engineer,terraform,3,12,25.0,Common
11115,Lead Data Engineer,scala,3,12,25.0,Common
11116,Lead Data Engineer,machine learning,3,12,25.0,Common
11117,Lead Data Engineer,ci/cd,3,12,25.0,Common
11118,Lead Data Engineer,git,3,12,25.0,Common
11119,Lead Data Engineer,leadership,2,12,16.666666666666664,Supporting
11120,Lead Data Engineer,bash,2,12,16.666666666666664,Supporting
11121,Lead Data Engineer,github,2,12,16.666666666666664,Supporting
11122,Lead Data Engineer,mentoring,2,12,16.666666666666664,Supporting
11123,Lead Data Engineer,hadoop,2,12,16.666666666666664,Supporting
11124,Lead Data Engineer,mongodb,1,12,8.333333333333332,Supporting
11125,Lead Data Engineer,hive,1,12,8.333333333333332,Supporting
11126,Lead Data Engineer,infrastructure as code,1,12,8.333333333333332,Supporting
11127,Lead Data Engineer,feature engineering,1,12,8.333333333333332,Supporting
11128,Lead Data Engineer,less,1,12,8.333333333333332,Supporting
11129,Lead Data Engineer,go,1,12,8.333333333333332,Supporting
11130,Lead Data Engineer,communication,1,12,8.333333333333332,Supporting
11131,Lead Data Engineer,linux,1,12,8.333333333333332,Supporting
11132,Lead Data Engineer,microsoft azure,1,12,8.333333333333332,Supporting
11133,Lead Data Engineer,dynamodb,1,12,8.333333333333332,Supporting
11134,Lead Data Engineer,flink,1,12,8.333333333333332,Supporting
11135,Lead Data Engineer,microservices,1,12,8.333333333333332,Supporting
11136,Lead Data Engineer,unix,1,12,8.333333333333332,Supporting
11137,Lead Data Engineer,shell scripting,1,12,8.333333333333332,Supporting
11138,Lead Data Engineer,apache,1,12,8.333333333333332,Supporting
11139,Lead Data Engineer,apache spark,1,12,8.333333333333332,Supporting
11140,Lead Data Engineer,model deployment,1,12,8.333333333333332,Supporting
11141,Lead Data Engineer,statistics,1,12,8.333333333333332,Supporting
11142,Lead Data Engineer,bigquery,1,12,8.333333333333332,Supporting
11143,Lead Data Engineer,decision making,1,12,8.333333333333332,Supporting
11144,Lead Data Engineer,docker,1,12,8.333333333333332,Supporting
11145,Lead Data Engineer,kubernetes,1,12,8.333333333333332,Supporting
11146,Lead Data Engineer,dbt,1,12,8.333333333333332,Supporting
11147,Lead Data Engineer,confluence,1,12,8.333333333333332,Supporting
11193,Lead Data Scientist,python,10,11,90.9090909090909,Core
11194,Lead Data Scientist,machine learning,8,11,72.72727272727273,Core
11195,Lead Data Scientist,statistics,8,11,72.72727272727273,Core
11196,Lead Data Scientist,sql,7,11,63.63636363636363,Core
11197,Lead Data Scientist,communication,6,11,54.54545454545454,Core
11198,Lead Data Scientist,r,5,11,45.45454545454545,Common
11199,Lead Data Scientist,agile,3,11,27.27272727272727,Common
11200,Lead Data Scientist,databricks,3,11,27.27272727272727,Common
11201,Lead Data Scientist,presentation skills,3,11,27.27272727272727,Common
11202,Lead Data Scientist,scala,2,11,18.181818181818183,Supporting
11203,Lead Data Scientist,artificial intelligence,2,11,18.181818181818183,Supporting
11204,Lead Data Scientist,kafka,1,11,9.090909090909092,Supporting
11205,Lead Data Scientist,collaboration,1,11,9.090909090909092,Supporting
11206,Lead Data Scientist,leadership,1,11,9.090909090909092,Supporting
11207,Lead Data Scientist,hadoop,1,11,9.090909090909092,Supporting
11208,Lead Data Scientist,go,1,11,9.090909090909092,Supporting
11209,Lead Data Scientist,oracle,1,11,9.090909090909092,Supporting
11210,Lead Data Scientist,html,1,11,9.090909090909092,Supporting
11211,Lead Data Scientist,c,1,11,9.090909090909092,Supporting
11212,Lead Data Scientist,google analytics,1,11,9.090909090909092,Supporting
11213,Lead Data Scientist,css,1,11,9.090909090909092,Supporting
11214,Lead Data Scientist,java,1,11,9.090909090909092,Supporting
11215,Lead Data Scientist,perl,1,11,9.090909090909092,Supporting
11216,Lead Data Scientist,tableau,1,11,9.090909090909092,Supporting
11217,Lead Data Scientist,iot,1,11,9.090909090909092,Supporting
11218,Lead Data Scientist,feature engineering,1,11,9.090909090909092,Supporting
11219,Lead Data Scientist,power bi,1,11,9.090909090909092,Supporting
11220,Lead Data Scientist,data visualization,1,11,9.090909090909092,Supporting
11221,Lead Data Scientist,model deployment,1,11,9.090909090909092,Supporting
11222,Lead Data Scientist,git,1,11,9.090909090909092,Supporting
11223,Lead Data Scientist,computer vision,1,11,9.090909090909092,Supporting
11224,Lead Data Scientist,unit testing,1,11,9.090909090909092,Supporting
11225,Lead Data Scientist,ci/cd,1,11,9.090909090909092,Supporting
11226,Lead Data Scientist,risk management,1,11,9.090909090909092,Supporting
11227,Lead Data Scientist,microsoft azure,1,11,9.090909090909092,Supporting
11259,Lead DevOps Engineer,agile,5,6,83.33333333333334,Core
11260,Lead DevOps Engineer,kubernetes,5,6,83.33333333333334,Core
11261,Lead DevOps Engineer,python,4,6,66.66666666666666,Core
11262,Lead DevOps Engineer,docker,4,6,66.66666666666666,Core
11263,Lead DevOps Engineer,ci/cd,4,6,66.66666666666666,Core
11264,Lead DevOps Engineer,terraform,3,6,50.0,Core
11265,Lead DevOps Engineer,jenkins,2,6,33.33333333333333,Common
11266,Lead DevOps Engineer,infrastructure as code,2,6,33.33333333333333,Common
11267,Lead DevOps Engineer,gitlab,2,6,33.33333333333333,Common
11268,Lead DevOps Engineer,communication,2,6,33.33333333333333,Common
11269,Lead DevOps Engineer,ansible,2,6,33.33333333333333,Common
11270,Lead DevOps Engineer,github,2,6,33.33333333333333,Common
11271,Lead DevOps Engineer,bitbucket,2,6,33.33333333333333,Common
11272,Lead DevOps Engineer,java,2,6,33.33333333333333,Common
11273,Lead DevOps Engineer,selenium,1,6,16.666666666666664,Supporting
11274,Lead DevOps Engineer,junit,1,6,16.666666666666664,Supporting
11275,Lead DevOps Engineer,scrum,1,6,16.666666666666664,Supporting
11276,Lead DevOps Engineer,unit testing,1,6,16.666666666666664,Supporting
11277,Lead DevOps Engineer,collaboration,1,6,16.666666666666664,Supporting
11278,Lead DevOps Engineer,machine learning,1,6,16.666666666666664,Supporting
11279,Lead DevOps Engineer,r,1,6,16.666666666666664,Supporting
11280,Lead DevOps Engineer,microservices,1,6,16.666666666666664,Supporting
11281,Lead DevOps Engineer,mentoring,1,6,16.666666666666664,Supporting
11282,Lead DevOps Engineer,git,1,6,16.666666666666664,Supporting
11283,Lead DevOps Engineer,critical thinking,1,6,16.666666666666664,Supporting
11284,Lead DevOps Engineer,linux,1,6,16.666666666666664,Supporting
11285,Lead DevOps Engineer,problem solving,1,6,16.666666666666664,Supporting
11286,Lead DevOps Engineer,decision making,1,6,16.666666666666664,Supporting
11287,Lead DevOps Engineer,sql,1,6,16.666666666666664,Supporting
11288,Lead DevOps Engineer,teamwork,1,6,16.666666666666664,Supporting
11289,Lead DevOps Engineer,leadership,1,6,16.666666666666664,Supporting
11795,Lead Software Engineer,agile,12,20,60.0,Core
11796,Lead Software Engineer,python,10,20,50.0,Core
11797,Lead Software Engineer,c,10,20,50.0,Core
11798,Lead Software Engineer,react,9,20,45.0,Common
11799,Lead Software Engineer,javascript,6,20,30.0,Common
11800,Lead Software Engineer,java,6,20,30.0,Common
11801,Lead Software Engineer,communication,5,20,25.0,Common
11802,Lead Software Engineer,design patterns,5,20,25.0,Common
11803,Lead Software Engineer,r,5,20,25.0,Common
11804,Lead Software Engineer,soap,4,20,20.0,Common
11805,Lead Software Engineer,github,4,20,20.0,Common
11806,Lead Software Engineer,node.js,4,20,20.0,Common
11807,Lead Software Engineer,microservices,4,20,20.0,Common
11808,Lead Software Engineer,scrum,4,20,20.0,Common
11809,Lead Software Engineer,mentoring,4,20,20.0,Common
11810,Lead Software Engineer,git,4,20,20.0,Common
11811,Lead Software Engineer,collaboration,3,20,15.0,Supporting
11812,Lead Software Engineer,mongodb,3,20,15.0,Supporting
11813,Lead Software Engineer,junit,3,20,15.0,Supporting
11814,Lead Software Engineer,angular,3,20,15.0,Supporting
11815,Lead Software Engineer,leadership,3,20,15.0,Supporting
11816,Lead Software Engineer,linux,3,20,15.0,Supporting
11817,Lead Software Engineer,sql,3,20,15.0,Supporting
11818,Lead Software Engineer,kubernetes,3,20,15.0,Supporting
11819,Lead Software Engineer,iot,3,20,15.0,Supporting
11820,Lead Software Engineer,typescript,3,20,15.0,Supporting
11821,Lead Software Engineer,go,3,20,15.0,Supporting
11822,Lead Software Engineer,jenkins,3,20,15.0,Supporting
11823,Lead Software Engineer,teamwork,2,20,10.0,Supporting
11824,Lead Software Engineer,etl,2,20,10.0,Supporting
11825,Lead Software Engineer,decision making,2,20,10.0,Supporting
11826,Lead Software Engineer,django,2,20,10.0,Supporting
11827,Lead Software Engineer,data pipelines,2,20,10.0,Supporting
11828,Lead Software Engineer,machine learning,2,20,10.0,Supporting
11829,Lead Software Engineer,docker,2,20,10.0,Supporting
11830,Lead Software Engineer,ci/cd,2,20,10.0,Supporting
11831,Lead Software Engineer,prometheus,2,20,10.0,Supporting
11832,Lead Software Engineer,unix,2,20,10.0,Supporting
11833,Lead Software Engineer,mysql,2,20,10.0,Supporting
11834,Lead Software Engineer,grafana,2,20,10.0,Supporting
11835,Lead Software Engineer,powershell,2,20,10.0,Supporting
11836,Lead Software Engineer,problem solving,1,20,5.0,Supporting
11837,Lead Software Engineer,user testing,1,20,5.0,Supporting
11838,Lead Software Engineer,test-driven development,1,20,5.0,Supporting
11839,Lead Software Engineer,bitbucket,1,20,5.0,Supporting
11840,Lead Software Engineer,encryption,1,20,5.0,Supporting
11841,Lead Software Engineer,data warehousing,1,20,5.0,Supporting
11842,Lead Software Engineer,data visualization,1,20,5.0,Supporting
11843,Lead Software Engineer,kotlin,1,20,5.0,Supporting
11844,Lead Software Engineer,computer vision,1,20,5.0,Supporting
11845,Lead Software Engineer,redis,1,20,5.0,Supporting
11846,Lead Software Engineer,mlops,1,20,5.0,Supporting
11847,Lead Software Engineer,svn,1,20,5.0,Supporting
11848,Lead Software Engineer,unit testing,1,20,5.0,Supporting
11849,Lead Software Engineer,microsoft sql server,1,20,5.0,Supporting
11850,Lead Software Engineer,kanban,1,20,5.0,Supporting
11851,Lead Software Engineer,load balancing,1,20,5.0,Supporting
11852,Lead Software Engineer,c#,1,20,5.0,Supporting
11853,Lead Software Engineer,ionic,1,20,5.0,Supporting
11854,Lead Software Engineer,vue.js,1,20,5.0,Supporting
11855,Lead Software Engineer,natural language processing,1,20,5.0,Supporting
11856,Lead Software Engineer,waterfall,1,20,5.0,Supporting
11857,Lead Software Engineer,kafka,1,20,5.0,Supporting
11858,Lead Software Engineer,jira,1,20,5.0,Supporting
11859,Lead Software Engineer,spring boot,1,20,5.0,Supporting
11860,Lead Software Engineer,confluence,1,20,5.0,Supporting
11861,Lead Software Engineer,terraform,1,20,5.0,Supporting
11862,Lead Software Engineer,infrastructure as code,1,20,5.0,Supporting
11863,Lead Software Engineer,less,1,20,5.0,Supporting
11864,Lead Software Engineer,product management,1,20,5.0,Supporting
12044,"Lead Software Engineer, Full Stack",microservices,6,6,100.0,Core
12045,"Lead Software Engineer, Full Stack",mentoring,6,6,100.0,Core
12046,"Lead Software Engineer, Full Stack",python,6,6,100.0,Core
12047,"Lead Software Engineer, Full Stack",javascript,6,6,100.0,Core
12048,"Lead Software Engineer, Full Stack",typescript,6,6,100.0,Core
12049,"Lead Software Engineer, Full Stack",html,6,6,100.0,Core
12050,"Lead Software Engineer, Full Stack",sql,6,6,100.0,Core
12051,"Lead Software Engineer, Full Stack",css,6,6,100.0,Core
12052,"Lead Software Engineer, Full Stack",docker,6,6,100.0,Core
12053,"Lead Software Engineer, Full Stack",java,6,6,100.0,Core
12054,"Lead Software Engineer, Full Stack",agile,6,6,100.0,Core
12055,"Lead Software Engineer, Full Stack",kubernetes,6,6,100.0,Core
12056,"Lead Software Engineer, Full Stack",go,6,6,100.0,Core
12057,"Lead Software Engineer, Full Stack",microsoft azure,6,6,100.0,Core
12378,Machine Learning Engineer,machine learning,19,23,82.6086956521739,Core
12379,Machine Learning Engineer,python,17,23,73.91304347826086,Core
12380,Machine Learning Engineer,pytorch,9,23,39.130434782608695,Common
12381,Machine Learning Engineer,deep learning,9,23,39.130434782608695,Common
12382,Machine Learning Engineer,tensorflow,7,23,30.434782608695656,Common
12383,Machine Learning Engineer,computer vision,5,23,21.73913043478261,Common
12384,Machine Learning Engineer,artificial intelligence,5,23,21.73913043478261,Common
12385,Machine Learning Engineer,communication,5,23,21.73913043478261,Common
12386,Machine Learning Engineer,statistics,4,23,17.391304347826086,Supporting
12387,Machine Learning Engineer,collaboration,4,23,17.391304347826086,Supporting
12388,Machine Learning Engineer,sql,4,23,17.391304347826086,Supporting
12389,Machine Learning Engineer,c,4,23,17.391304347826086,Supporting
12390,Machine Learning Engineer,kubernetes,3,23,13.043478260869565,Supporting
12391,Machine Learning Engineer,data pipelines,3,23,13.043478260869565,Supporting
12392,Machine Learning Engineer,numpy,3,23,13.043478260869565,Supporting
12393,Machine Learning Engineer,mlops,3,23,13.043478260869565,Supporting
12394,Machine Learning Engineer,agile,3,23,13.043478260869565,Supporting
12395,Machine Learning Engineer,keras,3,23,13.043478260869565,Supporting
12396,Machine Learning Engineer,oracle,3,23,13.043478260869565,Supporting
12397,Machine Learning Engineer,linux,3,23,13.043478260869565,Supporting
12398,Machine Learning Engineer,hadoop,3,23,13.043478260869565,Supporting
12399,Machine Learning Engineer,mongodb,3,23,13.043478260869565,Supporting
12400,Machine Learning Engineer,apache,3,23,13.043478260869565,Supporting
12401,Machine Learning Engineer,fastapi,2,23,8.695652173913043,Supporting
12402,Machine Learning Engineer,scikit-learn,2,23,8.695652173913043,Supporting
12403,Machine Learning Engineer,pandas,2,23,8.695652173913043,Supporting
12404,Machine Learning Engineer,microservices,2,23,8.695652173913043,Supporting
12405,Machine Learning Engineer,natural language processing,2,23,8.695652173913043,Supporting
12406,Machine Learning Engineer,r,2,23,8.695652173913043,Supporting
12407,Machine Learning Engineer,nltk,1,23,4.3478260869565215,Rare
12408,Machine Learning Engineer,spacy,1,23,4.3478260869565215,Rare
12409,Machine Learning Engineer,docker,1,23,4.3478260869565215,Rare
12410,Machine Learning Engineer,gitlab,1,23,4.3478260869565215,Rare
12411,Machine Learning Engineer,ci/cd,1,23,4.3478260869565215,Rare
12412,Machine Learning Engineer,flask,1,23,4.3478260869565215,Rare
12413,Machine Learning Engineer,scala,1,23,4.3478260869565215,Rare
12414,Machine Learning Engineer,java,1,23,4.3478260869565215,Rare
12415,Machine Learning Engineer,design patterns,1,23,4.3478260869565215,Rare
12416,Machine Learning Engineer,data visualization,1,23,4.3478260869565215,Rare
12417,Machine Learning Engineer,critical thinking,1,23,4.3478260869565215,Rare
12418,Machine Learning Engineer,feature engineering,1,23,4.3478260869565215,Rare
12419,Machine Learning Engineer,presto,1,23,4.3478260869565215,Rare
12420,Machine Learning Engineer,system design,1,23,4.3478260869565215,Rare
12421,Machine Learning Engineer,microservices architecture,1,23,4.3478260869565215,Rare
12422,Machine Learning Engineer,leadership,1,23,4.3478260869565215,Rare
12725,"Manager, Information Security Office (ISO) Consultant",communication,13,13,100.0,Core
12726,"Manager, Information Security Office (ISO) Consultant",leadership,13,13,100.0,Core
12916,Master Data Analyst,sap,3,5,60.0,Core
12917,Master Data Analyst,communication,2,5,40.0,Common
12918,Master Data Analyst,go,2,5,40.0,Common
12919,Master Data Analyst,problem solving,2,5,40.0,Common
12920,Master Data Analyst,collaboration,1,5,20.0,Common
12921,Master Data Analyst,critical thinking,1,5,20.0,Common
12922,Master Data Analyst,less,1,5,20.0,Common
12923,Master Data Analyst,excel,1,5,20.0,Common
12924,Master Data Analyst,python,1,5,20.0,Common
12925,Master Data Analyst,c,1,5,20.0,Common
12926,Master Data Analyst,r,1,5,20.0,Common
12927,Master Data Analyst,sql,1,5,20.0,Common
12928,Master Data Analyst,java,1,5,20.0,Common
13118,Mobile Application Developer,communication,4,5,80.0,Core
13119,Mobile Application Developer,agile,4,5,80.0,Core
13120,Mobile Application Developer,c,3,5,60.0,Core
13121,Mobile Application Developer,java,3,5,60.0,Core
13122,Mobile Application Developer,swift,3,5,60.0,Core
13123,Mobile Application Developer,r,2,5,40.0,Common
13124,Mobile Application Developer,jquery,2,5,40.0,Common
13125,Mobile Application Developer,javascript,2,5,40.0,Common
13126,Mobile Application Developer,jira,2,5,40.0,Common
13127,Mobile Application Developer,scrum,2,5,40.0,Common
13128,Mobile Application Developer,design patterns,2,5,40.0,Common
13129,Mobile Application Developer,github,2,5,40.0,Common
13130,Mobile Application Developer,kotlin,2,5,40.0,Common
13131,Mobile Application Developer,flutter,2,5,40.0,Common
13132,Mobile Application Developer,react,2,5,40.0,Common
13133,Mobile Application Developer,python,1,5,20.0,Common
13134,Mobile Application Developer,collaboration,1,5,20.0,Common
13135,Mobile Application Developer,unit testing,1,5,20.0,Common
13136,Mobile Application Developer,prototyping,1,5,20.0,Common
13137,Mobile Application Developer,jenkins,1,5,20.0,Common
13138,Mobile Application Developer,android development,1,5,20.0,Common
13139,Mobile Application Developer,junit,1,5,20.0,Common
13140,Mobile Application Developer,html,1,5,20.0,Common
13141,Mobile Application Developer,gitlab,1,5,20.0,Common
13142,Mobile Application Developer,css,1,5,20.0,Common
13143,Mobile Application Developer,bitbucket,1,5,20.0,Common
13144,Mobile Application Developer,trello,1,5,20.0,Common
13145,Mobile Application Developer,problem solving,1,5,20.0,Common
13146,Mobile Application Developer,ci/cd,1,5,20.0,Common
13147,Mobile Application Developer,leadership,1,5,20.0,Common
13148,Mobile Application Developer,github actions,1,5,20.0,Common
13149,Mobile Application Developer,react native,1,5,20.0,Common
13150,Mobile Application Developer,amazon web services,1,5,20.0,Common
13151,Mobile Application Developer,git,1,5,20.0,Common
13152,Mobile Application Developer,bootstrap,1,5,20.0,Common
13153,Mobile Application Developer,node.js,1,5,20.0,Common
13154,Mobile Application Developer,object-oriented programming,1,5,20.0,Common
13155,Mobile Application Developer,mongodb,1,5,20.0,Common
13496,Network Security Engineer,communication,7,7,100.0,Core
13497,Network Security Engineer,network security,7,7,100.0,Core
13498,Network Security Engineer,firewalls,6,7,85.71428571428571,Core
13499,Network Security Engineer,collaboration,4,7,57.14285714285714,Core
13500,Network Security Engineer,vpn,3,7,42.857142857142854,Common
13501,Network Security Engineer,load balancing,2,7,28.57142857142857,Common
13502,Network Security Engineer,tcp/ip,2,7,28.57142857142857,Common
13503,Network Security Engineer,microservices,1,7,14.285714285714285,Supporting
13504,Network Security Engineer,jenkins,1,7,14.285714285714285,Supporting
13505,Network Security Engineer,python,1,7,14.285714285714285,Supporting
13506,Network Security Engineer,terraform,1,7,14.285714285714285,Supporting
13507,Network Security Engineer,critical thinking,1,7,14.285714285714285,Supporting
13508,Network Security Engineer,problem solving,1,7,14.285714285714285,Supporting
13509,Network Security Engineer,ansible,1,7,14.285714285714285,Supporting
13510,Network Security Engineer,ci/cd,1,7,14.285714285714285,Supporting
13511,Network Security Engineer,leadership,1,7,14.285714285714285,Supporting
13512,Network Security Engineer,encryption,1,7,14.285714285714285,Supporting
13513,Network Security Engineer,network administration,1,7,14.285714285714285,Supporting
13514,Network Security Engineer,scrum,1,7,14.285714285714285,Supporting
13515,Network Security Engineer,less,1,7,14.285714285714285,Supporting
13516,Network Security Engineer,kanban,1,7,14.285714285714285,Supporting
13517,Network Security Engineer,agile,1,7,14.285714285714285,Supporting
13518,Network Security Engineer,go,1,7,14.285714285714285,Supporting
13519,Network Security Engineer,routing and switching,1,7,14.285714285714285,Supporting
13520,Network Security Engineer,microsoft azure,1,7,14.285714285714285,Supporting
13674,Online Data Analyst,go,20,20,100.0,Core
13675,Online Data Analyst,machine learning,20,20,100.0,Core
13931,Power BI Developer,power bi,16,16,100.0,Core
13932,Power BI Developer,sql,13,16,81.25,Core
13933,Power BI Developer,communication,11,16,68.75,Core
13934,Power BI Developer,data visualization,8,16,50.0,Core
13935,Power BI Developer,etl,7,16,43.75,Common
13936,Power BI Developer,microsoft azure,3,16,18.75,Supporting
13937,Power BI Developer,python,2,16,12.5,Supporting
13938,Power BI Developer,databricks,2,16,12.5,Supporting
13939,Power BI Developer,r,2,16,12.5,Supporting
13940,Power BI Developer,agile,2,16,12.5,Supporting
13941,Power BI Developer,data warehousing,2,16,12.5,Supporting
13942,Power BI Developer,critical thinking,2,16,12.5,Supporting
13943,Power BI Developer,snowflake,2,16,12.5,Supporting
13944,Power BI Developer,data pipelines,2,16,12.5,Supporting
13945,Power BI Developer,sql server reporting services,1,16,6.25,Supporting
13946,Power BI Developer,github,1,16,6.25,Supporting
13947,Power BI Developer,design patterns,1,16,6.25,Supporting
13948,Power BI Developer,decision making,1,16,6.25,Supporting
13949,Power BI Developer,go,1,16,6.25,Supporting
13950,Power BI Developer,jira,1,16,6.25,Supporting
13951,Power BI Developer,machine learning,1,16,6.25,Supporting
13952,Power BI Developer,ci/cd,1,16,6.25,Supporting
13953,Power BI Developer,problem solving,1,16,6.25,Supporting
13954,Power BI Developer,collaboration,1,16,6.25,Supporting
13955,Power BI Developer,jenkins,1,16,6.25,Supporting
13956,Power BI Developer,bitbucket,1,16,6.25,Supporting
14488,Principal Software Engineer,c,12,20,60.0,Core
14489,Principal Software Engineer,java,11,20,55.00000000000001,Core
14490,Principal Software Engineer,agile,10,20,50.0,Core
14491,Principal Software Engineer,javascript,8,20,40.0,Common
14492,Principal Software Engineer,docker,6,20,30.0,Common
14493,Principal Software Engineer,sql,6,20,30.0,Common
14494,Principal Software Engineer,communication,6,20,30.0,Common
14495,Principal Software Engineer,python,6,20,30.0,Common
14496,Principal Software Engineer,collaboration,6,20,30.0,Common
14497,Principal Software Engineer,leadership,6,20,30.0,Common
14498,Principal Software Engineer,react,5,20,25.0,Common
14499,Principal Software Engineer,kubernetes,5,20,25.0,Common
14500,Principal Software Engineer,git,4,20,20.0,Common
14501,Principal Software Engineer,angular,4,20,20.0,Common
14502,Principal Software Engineer,go,4,20,20.0,Common
14503,Principal Software Engineer,linux,3,20,15.0,Supporting
14504,Principal Software Engineer,asp.net,3,20,15.0,Supporting
14505,Principal Software Engineer,html,3,20,15.0,Supporting
14506,Principal Software Engineer,typescript,3,20,15.0,Supporting
14507,Principal Software Engineer,node.js,3,20,15.0,Supporting
14508,Principal Software Engineer,jira,3,20,15.0,Supporting
14509,Principal Software Engineer,ci/cd,3,20,15.0,Supporting
14510,Principal Software Engineer,mentoring,3,20,15.0,Supporting
14511,Principal Software Engineer,microservices,3,20,15.0,Supporting
14512,Principal Software Engineer,sass,3,20,15.0,Supporting
14513,Principal Software Engineer,spring boot,3,20,15.0,Supporting
14514,Principal Software Engineer,deep learning,2,20,10.0,Supporting
14515,Principal Software Engineer,pytorch,2,20,10.0,Supporting
14516,Principal Software Engineer,jenkins,2,20,10.0,Supporting
14517,Principal Software Engineer,scrum,2,20,10.0,Supporting
14518,Principal Software Engineer,problem solving,2,20,10.0,Supporting
14519,Principal Software Engineer,confluence,2,20,10.0,Supporting
14520,Principal Software Engineer,kafka,2,20,10.0,Supporting
14521,Principal Software Engineer,apache,2,20,10.0,Supporting
14522,Principal Software Engineer,machine learning,2,20,10.0,Supporting
14523,Principal Software Engineer,c++,2,20,10.0,Supporting
14524,Principal Software Engineer,graphql,2,20,10.0,Supporting
14525,Principal Software Engineer,design patterns,2,20,10.0,Supporting
14526,Principal Software Engineer,grafana,2,20,10.0,Supporting
14527,Principal Software Engineer,less,2,20,10.0,Supporting
14528,Principal Software Engineer,postman,2,20,10.0,Supporting
14529,Principal Software Engineer,artificial intelligence,1,20,5.0,Supporting
14530,Principal Software Engineer,tcp/ip,1,20,5.0,Supporting
14531,Principal Software Engineer,unix,1,20,5.0,Supporting
14532,Principal Software Engineer,shell scripting,1,20,5.0,Supporting
14533,Principal Software Engineer,soap,1,20,5.0,Supporting
14534,Principal Software Engineer,windows,1,20,5.0,Supporting
14535,Principal Software Engineer,bitbucket,1,20,5.0,Supporting
14536,Principal Software Engineer,etl,1,20,5.0,Supporting
14537,Principal Software Engineer,oracle,1,20,5.0,Supporting
14538,Principal Software Engineer,infrastructure as code,1,20,5.0,Supporting
14539,Principal Software Engineer,flink,1,20,5.0,Supporting
14540,Principal Software Engineer,oracle cloud,1,20,5.0,Supporting
14541,Principal Software Engineer,apache spark,1,20,5.0,Supporting
14542,Principal Software Engineer,siem,1,20,5.0,Supporting
14543,Principal Software Engineer,tensorflow,1,20,5.0,Supporting
14544,Principal Software Engineer,mlops,1,20,5.0,Supporting
14545,Principal Software Engineer,feature engineering,1,20,5.0,Supporting
14546,Principal Software Engineer,conflict resolution,1,20,5.0,Supporting
14547,Principal Software Engineer,microservices architecture,1,20,5.0,Supporting
14548,Principal Software Engineer,decision making,1,20,5.0,Supporting
14549,Principal Software Engineer,unit testing,1,20,5.0,Supporting
14550,Principal Software Engineer,prometheus,1,20,5.0,Supporting
14551,Principal Software Engineer,test-driven development,1,20,5.0,Supporting
14552,Principal Software Engineer,c#,1,20,5.0,Supporting
14553,Principal Software Engineer,microsoft azure,1,20,5.0,Supporting
14554,Principal Software Engineer,svn,1,20,5.0,Supporting
14555,Principal Software Engineer,github,1,20,5.0,Supporting
14556,Principal Software Engineer,junit,1,20,5.0,Supporting
14557,Principal Software Engineer,redis,1,20,5.0,Supporting
14558,Principal Software Engineer,cassandra,1,20,5.0,Supporting
14559,Principal Software Engineer,selenium,1,20,5.0,Supporting
14560,Principal Software Engineer,integration testing,1,20,5.0,Supporting
14561,Principal Software Engineer,css,1,20,5.0,Supporting
14562,Principal Software Engineer,microsoft sql server,1,20,5.0,Supporting
14563,Principal Software Engineer,project planning,1,20,5.0,Supporting
14564,Principal Software Engineer,bootstrap,1,20,5.0,Supporting
15186,Quality Assurance Automation Engineer,communication,4,6,66.66666666666666,Core
15187,Quality Assurance Automation Engineer,sql,4,6,66.66666666666666,Core
15188,Quality Assurance Automation Engineer,selenium,3,6,50.0,Core
15189,Quality Assurance Automation Engineer,agile,3,6,50.0,Core
15190,Quality Assurance Automation Engineer,collaboration,2,6,33.33333333333333,Common
15191,Quality Assurance Automation Engineer,python,2,6,33.33333333333333,Common
15192,Quality Assurance Automation Engineer,scrum,2,6,33.33333333333333,Common
15193,Quality Assurance Automation Engineer,ci/cd,2,6,33.33333333333333,Common
15194,Quality Assurance Automation Engineer,cypress,2,6,33.33333333333333,Common
15195,Quality Assurance Automation Engineer,manual testing,1,6,16.666666666666664,Supporting
15196,Quality Assurance Automation Engineer,jenkins,1,6,16.666666666666664,Supporting
15197,Quality Assurance Automation Engineer,linux,1,6,16.666666666666664,Supporting
15198,Quality Assurance Automation Engineer,unix,1,6,16.666666666666664,Supporting
15199,Quality Assurance Automation Engineer,java,1,6,16.666666666666664,Supporting
15200,Quality Assurance Automation Engineer,jira,1,6,16.666666666666664,Supporting
15201,Quality Assurance Automation Engineer,problem solving,1,6,16.666666666666664,Supporting
15202,Quality Assurance Automation Engineer,bitbucket,1,6,16.666666666666664,Supporting
15203,Quality Assurance Automation Engineer,teamwork,1,6,16.666666666666664,Supporting
15204,Quality Assurance Automation Engineer,github,1,6,16.666666666666664,Supporting
15205,Quality Assurance Automation Engineer,javascript,1,6,16.666666666666664,Supporting
15206,Quality Assurance Automation Engineer,typescript,1,6,16.666666666666664,Supporting
15207,Quality Assurance Automation Engineer,postman,1,6,16.666666666666664,Supporting
15208,Quality Assurance Automation Engineer,automation testing,1,6,16.666666666666664,Supporting
15209,Quality Assurance Engineer,communication,7,16,43.75,Common
15210,Quality Assurance Engineer,selenium,6,16,37.5,Common
15211,Quality Assurance Engineer,agile,6,16,37.5,Common
15212,Quality Assurance Engineer,sql,4,16,25.0,Common
15213,Quality Assurance Engineer,manual testing,4,16,25.0,Common
15214,Quality Assurance Engineer,automation testing,4,16,25.0,Common
15215,Quality Assurance Engineer,collaboration,3,16,18.75,Supporting
15216,Quality Assurance Engineer,jira,3,16,18.75,Supporting
15217,Quality Assurance Engineer,r,3,16,18.75,Supporting
15218,Quality Assurance Engineer,leadership,3,16,18.75,Supporting
15219,Quality Assurance Engineer,integration testing,3,16,18.75,Supporting
15220,Quality Assurance Engineer,java,3,16,18.75,Supporting
15221,Quality Assurance Engineer,scrum,2,16,12.5,Supporting
15222,Quality Assurance Engineer,unix,2,16,12.5,Supporting
15223,Quality Assurance Engineer,excel,2,16,12.5,Supporting
15224,Quality Assurance Engineer,qa methodologies,2,16,12.5,Supporting
15225,Quality Assurance Engineer,python,2,16,12.5,Supporting
15226,Quality Assurance Engineer,javascript,2,16,12.5,Supporting
15227,Quality Assurance Engineer,html,2,16,12.5,Supporting
15228,Quality Assurance Engineer,css,2,16,12.5,Supporting
15229,Quality Assurance Engineer,jenkins,1,16,6.25,Supporting
15230,Quality Assurance Engineer,ansible,1,16,6.25,Supporting
15231,Quality Assurance Engineer,etl,1,16,6.25,Supporting
15232,Quality Assurance Engineer,hadoop,1,16,6.25,Supporting
15233,Quality Assurance Engineer,c,1,16,6.25,Supporting
15234,Quality Assurance Engineer,presentation skills,1,16,6.25,Supporting
15235,Quality Assurance Engineer,machine learning,1,16,6.25,Supporting
15236,Quality Assurance Engineer,go,1,16,6.25,Supporting
15237,Quality Assurance Engineer,postman,1,16,6.25,Supporting
15238,Quality Assurance Engineer,statistics,1,16,6.25,Supporting
15239,Quality Assurance Engineer,macos,1,16,6.25,Supporting
15240,Quality Assurance Engineer,kotlin,1,16,6.25,Supporting
15241,Quality Assurance Engineer,cypress,1,16,6.25,Supporting
15242,Quality Assurance Engineer,product management,1,16,6.25,Supporting
15243,Quality Assurance Engineer,waterfall,1,16,6.25,Supporting
15244,Quality Assurance Engineer,microservices,1,16,6.25,Supporting
15245,Quality Assurance Engineer,critical thinking,1,16,6.25,Supporting
15246,Quality Assurance Engineer,time management,1,16,6.25,Supporting
15247,Quality Assurance Engineer,load testing,1,16,6.25,Supporting
15248,Quality Assurance Engineer,shell scripting,1,16,6.25,Supporting
15249,Quality Assurance Engineer,junit,1,16,6.25,Supporting
15496,React Native Developer,react native,6,6,100.0,Core
15497,React Native Developer,react,6,6,100.0,Core
15498,React Native Developer,javascript,4,6,66.66666666666666,Core
15499,React Native Developer,communication,3,6,50.0,Core
15500,React Native Developer,redux,3,6,50.0,Core
15501,React Native Developer,sql,3,6,50.0,Core
15502,React Native Developer,kubernetes,3,6,50.0,Core
15503,React Native Developer,agile,3,6,50.0,Core
15504,React Native Developer,node.js,2,6,33.33333333333333,Common
15505,React Native Developer,angular,2,6,33.33333333333333,Common
15506,React Native Developer,docker,2,6,33.33333333333333,Common
15507,React Native Developer,c,2,6,33.33333333333333,Common
15508,React Native Developer,swift,2,6,33.33333333333333,Common
15509,React Native Developer,java,2,6,33.33333333333333,Common
15510,React Native Developer,object-oriented programming,2,6,33.33333333333333,Common
15511,React Native Developer,kafka,1,6,16.666666666666664,Supporting
15512,React Native Developer,grpc,1,6,16.666666666666664,Supporting
15513,React Native Developer,machine learning,1,6,16.666666666666664,Supporting
15514,React Native Developer,computer vision,1,6,16.666666666666664,Supporting
15515,React Native Developer,next.js,1,6,16.666666666666664,Supporting
15516,React Native Developer,kotlin,1,6,16.666666666666664,Supporting
15517,React Native Developer,git,1,6,16.666666666666664,Supporting
15518,React Native Developer,ci/cd,1,6,16.666666666666664,Supporting
15519,React Native Developer,collaboration,1,6,16.666666666666664,Supporting
15520,React Native Developer,jenkins,1,6,16.666666666666664,Supporting
15521,React Native Developer,typescript,1,6,16.666666666666664,Supporting
15522,React Native Developer,scrum,1,6,16.666666666666664,Supporting
15523,React Native Developer,github,1,6,16.666666666666664,Supporting
15524,React Native Developer,html,1,6,16.666666666666664,Supporting
15525,React Native Developer,scala,1,6,16.666666666666664,Supporting
15526,React Native Developer,python,1,6,16.666666666666664,Supporting
15527,React Native Developer,design patterns,1,6,16.666666666666664,Supporting
15528,React Native Developer,css,1,6,16.666666666666664,Supporting
15529,React Native Developer,objective-c,1,6,16.666666666666664,Supporting
15530,React Native Developer,php,1,6,16.666666666666664,Supporting
15694,Research Engineer,python,3,6,50.0,Core
15695,Research Engineer,machine learning,3,6,50.0,Core
15696,Research Engineer,leadership,2,6,33.33333333333333,Common
15697,Research Engineer,communication,2,6,33.33333333333333,Common
15698,Research Engineer,deep learning,2,6,33.33333333333333,Common
15699,Research Engineer,c,2,6,33.33333333333333,Common
15700,Research Engineer,computer vision,2,6,33.33333333333333,Common
15701,Research Engineer,matlab,1,6,16.666666666666664,Supporting
15702,Research Engineer,r,1,6,16.666666666666664,Supporting
15703,Research Engineer,prototyping,1,6,16.666666666666664,Supporting
15704,Research Engineer,collaboration,1,6,16.666666666666664,Supporting
15705,Research Engineer,excel,1,6,16.666666666666664,Supporting
15706,Research Engineer,javascript,1,6,16.666666666666664,Supporting
15707,Research Engineer,typescript,1,6,16.666666666666664,Supporting
15708,Research Engineer,mlops,1,6,16.666666666666664,Supporting
15709,Research Engineer,java,1,6,16.666666666666664,Supporting
15710,Research Engineer,agile,1,6,16.666666666666664,Supporting
15711,Research Engineer,nltk,1,6,16.666666666666664,Supporting
15712,Research Engineer,natural language processing,1,6,16.666666666666664,Supporting
15713,Research Engineer,spacy,1,6,16.666666666666664,Supporting
15714,Research Engineer,numpy,1,6,16.666666666666664,Supporting
15715,Research Engineer,pandas,1,6,16.666666666666664,Supporting
16199,Salesforce Technical Architect,salesforce,5,5,100.0,Core
16200,Salesforce Technical Architect,communication,4,5,80.0,Core
16201,Salesforce Technical Architect,scrum,2,5,40.0,Common
16202,Salesforce Technical Architect,presentation skills,2,5,40.0,Common
16203,Salesforce Technical Architect,prototyping,2,5,40.0,Common
16204,Salesforce Technical Architect,collaboration,2,5,40.0,Common
16205,Salesforce Technical Architect,design patterns,2,5,40.0,Common
16206,Salesforce Technical Architect,leadership,2,5,40.0,Common
16207,Salesforce Technical Architect,etl,2,5,40.0,Common
16208,Salesforce Technical Architect,oracle,1,5,20.0,Common
16209,Salesforce Technical Architect,javascript,1,5,20.0,Common
16210,Salesforce Technical Architect,java,1,5,20.0,Common
16211,Salesforce Technical Architect,agile,1,5,20.0,Common
16218,Security Analyst,communication,4,5,80.0,Core
16219,Security Analyst,mentoring,2,5,40.0,Common
16220,Security Analyst,siem,1,5,20.0,Common
16221,Security Analyst,tcp/ip,1,5,20.0,Common
16222,Security Analyst,windows,1,5,20.0,Common
16223,Security Analyst,agile,1,5,20.0,Common
16224,Security Analyst,risk management,1,5,20.0,Common
16225,Security Analyst,network security,1,5,20.0,Common
16226,Security Analyst,collaboration,1,5,20.0,Common
16255,Security Analyst 1,siem,6,6,100.0,Core
16256,Security Analyst 1,communication,6,6,100.0,Core
16257,Security Analyst 1,critical thinking,6,6,100.0,Core
16266,Security Engineer,communication,7,15,46.666666666666664,Common
16267,Security Engineer,windows,6,15,40.0,Common
16268,Security Engineer,network security,6,15,40.0,Common
16269,Security Engineer,linux,5,15,33.33333333333333,Common
16270,Security Engineer,firewalls,5,15,33.33333333333333,Common
16271,Security Engineer,leadership,5,15,33.33333333333333,Common
16272,Security Engineer,tcp/ip,3,15,20.0,Common
16273,Security Engineer,python,3,15,20.0,Common
16274,Security Engineer,infrastructure as code,3,15,20.0,Common
16275,Security Engineer,ansible,3,15,20.0,Common
16276,Security Engineer,iso 27001,3,15,20.0,Common
16277,Security Engineer,encryption,3,15,20.0,Common
16278,Security Engineer,microsoft azure,3,15,20.0,Common
16279,Security Engineer,routing and switching,2,15,13.333333333333334,Supporting
16280,Security Engineer,c,2,15,13.333333333333334,Supporting
16281,Security Engineer,vpn,2,15,13.333333333333334,Supporting
16282,Security Engineer,siem,2,15,13.333333333333334,Supporting
16283,Security Engineer,terraform,2,15,13.333333333333334,Supporting
16284,Security Engineer,java,2,15,13.333333333333334,Supporting
16285,Security Engineer,oracle,2,15,13.333333333333334,Supporting
16286,Security Engineer,risk management,2,15,13.333333333333334,Supporting
16287,Security Engineer,integration testing,1,15,6.666666666666667,Supporting
16288,Security Engineer,unix,1,15,6.666666666666667,Supporting
16289,Security Engineer,agile,1,15,6.666666666666667,Supporting
16290,Security Engineer,ubuntu,1,15,6.666666666666667,Supporting
16291,Security Engineer,mentoring,1,15,6.666666666666667,Supporting
16292,Security Engineer,presentation skills,1,15,6.666666666666667,Supporting
16293,Security Engineer,penetration testing,1,15,6.666666666666667,Supporting
16294,Security Engineer,bash,1,15,6.666666666666667,Supporting
16295,Security Engineer,bitbucket,1,15,6.666666666666667,Supporting
16296,Security Engineer,excel,1,15,6.666666666666667,Supporting
16297,Security Engineer,github,1,15,6.666666666666667,Supporting
16298,Security Engineer,dns,1,15,6.666666666666667,Supporting
16299,Security Engineer,google cloud platform,1,15,6.666666666666667,Supporting
16300,Security Engineer,rest api,1,15,6.666666666666667,Supporting
16301,Security Engineer,kubernetes,1,15,6.666666666666667,Supporting
16302,Security Engineer,powershell,1,15,6.666666666666667,Supporting
16303,Security Engineer,jira,1,15,6.666666666666667,Supporting
16304,Security Engineer,sap,1,15,6.666666666666667,Supporting
16305,Security Engineer,oracle cloud,1,15,6.666666666666667,Supporting
16306,Security Engineer,jenkins,1,15,6.666666666666667,Supporting
16307,Security Engineer,git,1,15,6.666666666666667,Supporting
16308,Security Engineer,chef,1,15,6.666666666666667,Supporting
16309,Security Engineer,mongodb,1,15,6.666666666666667,Supporting
16620,Senior Application Security Engineer,communication,3,7,42.857142857142854,Common
16621,Senior Application Security Engineer,network security,3,7,42.857142857142854,Common
16622,Senior Application Security Engineer,ci/cd,3,7,42.857142857142854,Common
16623,Senior Application Security Engineer,docker,2,7,28.57142857142857,Common
16624,Senior Application Security Engineer,encryption,2,7,28.57142857142857,Common
16625,Senior Application Security Engineer,python,2,7,28.57142857142857,Common
16626,Senior Application Security Engineer,javascript,2,7,28.57142857142857,Common
16627,Senior Application Security Engineer,java,2,7,28.57142857142857,Common
16628,Senior Application Security Engineer,sql,2,7,28.57142857142857,Common
16629,Senior Application Security Engineer,terraform,1,7,14.285714285714285,Supporting
16630,Senior Application Security Engineer,collaboration,1,7,14.285714285714285,Supporting
16631,Senior Application Security Engineer,penetration testing,1,7,14.285714285714285,Supporting
16632,Senior Application Security Engineer,cloudflare,1,7,14.285714285714285,Supporting
16633,Senior Application Security Engineer,kubernetes,1,7,14.285714285714285,Supporting
16634,Senior Application Security Engineer,go,1,7,14.285714285714285,Supporting
16635,Senior Application Security Engineer,github,1,7,14.285714285714285,Supporting
16636,Senior Application Security Engineer,jenkins,1,7,14.285714285714285,Supporting
16637,Senior Application Security Engineer,typescript,1,7,14.285714285714285,Supporting
16638,Senior Application Security Engineer,git,1,7,14.285714285714285,Supporting
16639,Senior Application Security Engineer,owasp,1,7,14.285714285714285,Supporting
16640,Senior Application Security Engineer,scrum,1,7,14.285714285714285,Supporting
16641,Senior Application Security Engineer,soap,1,7,14.285714285714285,Supporting
16642,Senior Application Security Engineer,agile,1,7,14.285714285714285,Supporting
16643,Senior Application Security Engineer,powershell,1,7,14.285714285714285,Supporting
16644,Senior Application Security Engineer,microservices,1,7,14.285714285714285,Supporting
16645,Senior Application Security Engineer,data pipelines,1,7,14.285714285714285,Supporting
16646,Senior Application Security Engineer,kafka,1,7,14.285714285714285,Supporting
16647,Senior Application Security Engineer,design patterns,1,7,14.285714285714285,Supporting
16648,Senior Application Security Engineer,dbt,1,7,14.285714285714285,Supporting
16649,Senior Application Security Engineer,mongodb,1,7,14.285714285714285,Supporting
16650,Senior Application Security Engineer,snowflake,1,7,14.285714285714285,Supporting
16771,Senior Automation Engineer,communication,2,7,28.57142857142857,Common
16772,Senior Automation Engineer,sql,2,7,28.57142857142857,Common
16773,Senior Automation Engineer,angular,2,7,28.57142857142857,Common
16774,Senior Automation Engineer,typescript,2,7,28.57142857142857,Common
16775,Senior Automation Engineer,windows,2,7,28.57142857142857,Common
16776,Senior Automation Engineer,java,2,7,28.57142857142857,Common
16777,Senior Automation Engineer,excel,1,7,14.285714285714285,Supporting
16778,Senior Automation Engineer,sap,1,7,14.285714285714285,Supporting
16779,Senior Automation Engineer,scrum,1,7,14.285714285714285,Supporting
16780,Senior Automation Engineer,unix,1,7,14.285714285714285,Supporting
16781,Senior Automation Engineer,automation testing,1,7,14.285714285714285,Supporting
16782,Senior Automation Engineer,python,1,7,14.285714285714285,Supporting
16783,Senior Automation Engineer,bash,1,7,14.285714285714285,Supporting
16784,Senior Automation Engineer,perl,1,7,14.285714285714285,Supporting
16785,Senior Automation Engineer,siem,1,7,14.285714285714285,Supporting
16786,Senior Automation Engineer,teamwork,1,7,14.285714285714285,Supporting
16997,Senior Business Intelligence Analyst,communication,5,5,100.0,Core
16998,Senior Business Intelligence Analyst,sql,4,5,80.0,Core
16999,Senior Business Intelligence Analyst,tableau,4,5,80.0,Core
17000,Senior Business Intelligence Analyst,power bi,3,5,60.0,Core
17001,Senior Business Intelligence Analyst,data visualization,3,5,60.0,Core
17002,Senior Business Intelligence Analyst,excel,3,5,60.0,Core
17003,Senior Business Intelligence Analyst,python,2,5,40.0,Common
17004,Senior Business Intelligence Analyst,problem solving,2,5,40.0,Common
17005,Senior Business Intelligence Analyst,leadership,2,5,40.0,Common
17006,Senior Business Intelligence Analyst,snowflake,2,5,40.0,Common
17007,Senior Business Intelligence Analyst,databricks,1,5,20.0,Common
17008,Senior Business Intelligence Analyst,statistics,1,5,20.0,Common
17009,Senior Business Intelligence Analyst,machine learning,1,5,20.0,Common
17010,Senior Business Intelligence Analyst,r,1,5,20.0,Common
17011,Senior Business Intelligence Analyst,data warehousing,1,5,20.0,Common
17012,Senior Business Intelligence Analyst,presentation skills,1,5,20.0,Common
17013,Senior Business Intelligence Analyst,etl,1,5,20.0,Common
17014,Senior Business Intelligence Analyst,dbt,1,5,20.0,Common
17015,Senior Business Intelligence Analyst,teamwork,1,5,20.0,Common
17016,Senior Business Intelligence Analyst,agile,1,5,20.0,Common
17017,Senior Business Intelligence Analyst,unit testing,1,5,20.0,Common
17018,Senior Business Intelligence Analyst,prototyping,1,5,20.0,Common
17019,Senior Business Intelligence Analyst,go,1,5,20.0,Common
17020,Senior Business Intelligence Analyst,data pipelines,1,5,20.0,Common
17021,Senior Business Intelligence Analyst,critical thinking,1,5,20.0,Common
17022,Senior Business Intelligence Analyst,looker,1,5,20.0,Common
17034,Senior Business Intelligence Developer,tableau,5,5,100.0,Core
17035,Senior Business Intelligence Developer,etl,4,5,80.0,Core
17036,Senior Business Intelligence Developer,sql,4,5,80.0,Core
17037,Senior Business Intelligence Developer,power bi,3,5,60.0,Core
17038,Senior Business Intelligence Developer,communication,2,5,40.0,Common
17039,Senior Business Intelligence Developer,teamwork,2,5,40.0,Common
17324,Senior Data Analyst,sql,19,26,73.07692307692307,Core
17325,Senior Data Analyst,python,13,26,50.0,Core
17326,Senior Data Analyst,data visualization,9,26,34.61538461538461,Common
17327,Senior Data Analyst,communication,9,26,34.61538461538461,Common
17328,Senior Data Analyst,r,8,26,30.76923076923077,Common
17329,Senior Data Analyst,statistics,8,26,30.76923076923077,Common
17330,Senior Data Analyst,tableau,7,26,26.923076923076923,Common
17331,Senior Data Analyst,agile,6,26,23.076923076923077,Common
17332,Senior Data Analyst,leadership,6,26,23.076923076923077,Common
17333,Senior Data Analyst,snowflake,6,26,23.076923076923077,Common
17334,Senior Data Analyst,power bi,6,26,23.076923076923077,Common
17335,Senior Data Analyst,collaboration,5,26,19.230769230769234,Supporting
17336,Senior Data Analyst,dbt,5,26,19.230769230769234,Supporting
17337,Senior Data Analyst,excel,5,26,19.230769230769234,Supporting
17338,Senior Data Analyst,machine learning,5,26,19.230769230769234,Supporting
17339,Senior Data Analyst,looker,4,26,15.384615384615385,Supporting
17340,Senior Data Analyst,jira,3,26,11.538461538461538,Supporting
17341,Senior Data Analyst,decision making,3,26,11.538461538461538,Supporting
17342,Senior Data Analyst,go,2,26,7.6923076923076925,Supporting
17343,Senior Data Analyst,time management,2,26,7.6923076923076925,Supporting
17344,Senior Data Analyst,six sigma,2,26,7.6923076923076925,Supporting
17345,Senior Data Analyst,c,2,26,7.6923076923076925,Supporting
17346,Senior Data Analyst,data pipelines,2,26,7.6923076923076925,Supporting
17347,Senior Data Analyst,kubernetes,2,26,7.6923076923076925,Supporting
17348,Senior Data Analyst,mentoring,2,26,7.6923076923076925,Supporting
17349,Senior Data Analyst,etl,2,26,7.6923076923076925,Supporting
17350,Senior Data Analyst,iot,2,26,7.6923076923076925,Supporting
17351,Senior Data Analyst,julia,2,26,7.6923076923076925,Supporting
17352,Senior Data Analyst,google cloud platform,1,26,3.8461538461538463,Rare
17353,Senior Data Analyst,bigquery,1,26,3.8461538461538463,Rare
17354,Senior Data Analyst,hive,1,26,3.8461538461538463,Rare
17355,Senior Data Analyst,problem solving,1,26,3.8461538461538463,Rare
17356,Senior Data Analyst,swift,1,26,3.8461538461538463,Rare
17357,Senior Data Analyst,data structures and algorithms,1,26,3.8461538461538463,Rare
17358,Senior Data Analyst,hadoop,1,26,3.8461538461538463,Rare
17359,Senior Data Analyst,oracle,1,26,3.8461538461538463,Rare
17360,Senior Data Analyst,scrum,1,26,3.8461538461538463,Rare
17361,Senior Data Analyst,unix,1,26,3.8461538461538463,Rare
17362,Senior Data Analyst,git,1,26,3.8461538461538463,Rare
17363,Senior Data Analyst,bash,1,26,3.8461538461538463,Rare
17364,Senior Data Analyst,docker,1,26,3.8461538461538463,Rare
17365,Senior Data Analyst,ci/cd,1,26,3.8461538461538463,Rare
17366,Senior Data Analyst,postgresql,1,26,3.8461538461538463,Rare
17367,Senior Data Analyst,airflow,1,26,3.8461538461538463,Rare
17368,Senior Data Analyst,natural language processing,1,26,3.8461538461538463,Rare
17369,Senior Data Analyst,project planning,1,26,3.8461538461538463,Rare
17370,Senior Data Analyst,data warehousing,1,26,3.8461538461538463,Rare
17371,Senior Data Analyst,less,1,26,3.8461538461538463,Rare
17372,Senior Data Analyst,gitlab,1,26,3.8461538461538463,Rare
17373,Senior Data Analyst,slack,1,26,3.8461538461538463,Rare
17374,Senior Data Analyst,teamwork,1,26,3.8461538461538463,Rare
17375,Senior Data Analyst,databricks,1,26,3.8461538461538463,Rare
17376,Senior Data Analyst,neo4j,1,26,3.8461538461538463,Rare
17377,Senior Data Analyst,salesforce,1,26,3.8461538461538463,Rare
17378,Senior Data Analyst,google analytics,1,26,3.8461538461538463,Rare
17379,Senior Data Analyst,presentation skills,1,26,3.8461538461538463,Rare
17432,Senior Data Architect,snowflake,8,14,57.14285714285714,Core
17433,Senior Data Architect,dbt,6,14,42.857142857142854,Common
17434,Senior Data Architect,communication,5,14,35.714285714285715,Common
17435,Senior Data Architect,sql,5,14,35.714285714285715,Common
17436,Senior Data Architect,python,5,14,35.714285714285715,Common
17437,Senior Data Architect,etl,4,14,28.57142857142857,Common
17438,Senior Data Architect,oracle,3,14,21.428571428571427,Common
17439,Senior Data Architect,data pipelines,2,14,14.285714285714285,Supporting
17440,Senior Data Architect,collaboration,2,14,14.285714285714285,Supporting
17441,Senior Data Architect,windows,2,14,14.285714285714285,Supporting
17442,Senior Data Architect,mysql,2,14,14.285714285714285,Supporting
17443,Senior Data Architect,hadoop,2,14,14.285714285714285,Supporting
17444,Senior Data Architect,data warehousing,2,14,14.285714285714285,Supporting
17445,Senior Data Architect,dynamodb,1,14,7.142857142857142,Supporting
17446,Senior Data Architect,problem solving,1,14,7.142857142857142,Supporting
17447,Senior Data Architect,presentation skills,1,14,7.142857142857142,Supporting
17448,Senior Data Architect,unix,1,14,7.142857142857142,Supporting
17449,Senior Data Architect,ibm cloud,1,14,7.142857142857142,Supporting
17450,Senior Data Architect,mongodb,1,14,7.142857142857142,Supporting
17451,Senior Data Architect,leadership,1,14,7.142857142857142,Supporting
17452,Senior Data Architect,java,1,14,7.142857142857142,Supporting
17453,Senior Data Architect,terraform,1,14,7.142857142857142,Supporting
17454,Senior Data Architect,vulnerability assessment,1,14,7.142857142857142,Supporting
17455,Senior Data Architect,databricks,1,14,7.142857142857142,Supporting
17456,Senior Data Architect,docker,1,14,7.142857142857142,Supporting
17457,Senior Data Architect,ci/cd,1,14,7.142857142857142,Supporting
17458,Senior Data Architect,risk management,1,14,7.142857142857142,Supporting
17459,Senior Data Architect,r,1,14,7.142857142857142,Supporting
17460,Senior Data Architect,data visualization,1,14,7.142857142857142,Supporting
17461,Senior Data Architect,excel,1,14,7.142857142857142,Supporting
17462,Senior Data Architect,tableau,1,14,7.142857142857142,Supporting
17463,Senior Data Architect,google cloud platform,1,14,7.142857142857142,Supporting
17464,Senior Data Architect,hive,1,14,7.142857142857142,Supporting
17465,Senior Data Architect,kafka,1,14,7.142857142857142,Supporting
17466,Senior Data Architect,bigquery,1,14,7.142857142857142,Supporting
17467,Senior Data Architect,soap,1,14,7.142857142857142,Supporting
17468,Senior Data Engineer,python,32,44,72.72727272727273,Core
17469,Senior Data Engineer,sql,31,44,70.45454545454545,Core
17470,Senior Data Engineer,data pipelines,21,44,47.72727272727273,Common
17471,Senior Data Engineer,etl,20,44,45.45454545454545,Common
17472,Senior Data Engineer,snowflake,19,44,43.18181818181818,Common
17473,Senior Data Engineer,communication,18,44,40.909090909090914,Common
17474,Senior Data Engineer,microsoft azure,17,44,38.63636363636363,Common
17475,Senior Data Engineer,data warehousing,17,44,38.63636363636363,Common
17476,Senior Data Engineer,agile,15,44,34.090909090909086,Common
17477,Senior Data Engineer,scala,15,44,34.090909090909086,Common
17478,Senior Data Engineer,java,14,44,31.818181818181817,Common
17479,Senior Data Engineer,collaboration,13,44,29.545454545454547,Common
17480,Senior Data Engineer,hadoop,12,44,27.27272727272727,Common
17481,Senior Data Engineer,machine learning,12,44,27.27272727272727,Common
17482,Senior Data Engineer,hive,10,44,22.727272727272727,Common
17483,Senior Data Engineer,kafka,9,44,20.454545454545457,Common
17484,Senior Data Engineer,unix,9,44,20.454545454545457,Common
17485,Senior Data Engineer,databricks,7,44,15.909090909090908,Supporting
17486,Senior Data Engineer,cassandra,7,44,15.909090909090908,Supporting
17487,Senior Data Engineer,linux,7,44,15.909090909090908,Supporting
17488,Senior Data Engineer,mentoring,7,44,15.909090909090908,Supporting
17489,Senior Data Engineer,microservices,7,44,15.909090909090908,Supporting
17490,Senior Data Engineer,shell scripting,7,44,15.909090909090908,Supporting
17491,Senior Data Engineer,dbt,6,44,13.636363636363635,Supporting
17492,Senior Data Engineer,mysql,6,44,13.636363636363635,Supporting
17493,Senior Data Engineer,airflow,5,44,11.363636363636363,Supporting
17494,Senior Data Engineer,git,5,44,11.363636363636363,Supporting
17495,Senior Data Engineer,go,5,44,11.363636363636363,Supporting
17496,Senior Data Engineer,jenkins,5,44,11.363636363636363,Supporting
17497,Senior Data Engineer,kubernetes,4,44,9.090909090909092,Supporting
17498,Senior Data Engineer,presentation skills,4,44,9.090909090909092,Supporting
17499,Senior Data Engineer,leadership,4,44,9.090909090909092,Supporting
17500,Senior Data Engineer,apache,4,44,9.090909090909092,Supporting
17501,Senior Data Engineer,ci/cd,3,44,6.8181818181818175,Supporting
17502,Senior Data Engineer,jira,3,44,6.8181818181818175,Supporting
17503,Senior Data Engineer,oracle,3,44,6.8181818181818175,Supporting
17504,Senior Data Engineer,docker,3,44,6.8181818181818175,Supporting
17505,Senior Data Engineer,tableau,3,44,6.8181818181818175,Supporting
17506,Senior Data Engineer,c,2,44,4.545454545454546,Rare
17507,Senior Data Engineer,power bi,2,44,4.545454545454546,Rare
17508,Senior Data Engineer,sap,2,44,4.545454545454546,Rare
17509,Senior Data Engineer,github,2,44,4.545454545454546,Rare
17510,Senior Data Engineer,presto,2,44,4.545454545454546,Rare
17511,Senior Data Engineer,bigquery,2,44,4.545454545454546,Rare
17512,Senior Data Engineer,teamwork,2,44,4.545454545454546,Rare
17513,Senior Data Engineer,elasticsearch,2,44,4.545454545454546,Rare
17514,Senior Data Engineer,artificial intelligence,2,44,4.545454545454546,Rare
17515,Senior Data Engineer,flink,2,44,4.545454545454546,Rare
17516,Senior Data Engineer,data visualization,2,44,4.545454545454546,Rare
17517,Senior Data Engineer,ansible,1,44,2.272727272727273,Rare
17518,Senior Data Engineer,angular,1,44,2.272727272727273,Rare
17519,Senior Data Engineer,scrum,1,44,2.272727272727273,Rare
17520,Senior Data Engineer,svn,1,44,2.272727272727273,Rare
17521,Senior Data Engineer,prototyping,1,44,2.272727272727273,Rare
17522,Senior Data Engineer,product management,1,44,2.272727272727273,Rare
17523,Senior Data Engineer,rust,1,44,2.272727272727273,Rare
17524,Senior Data Engineer,redis,1,44,2.272727272727273,Rare
17525,Senior Data Engineer,postgresql,1,44,2.272727272727273,Rare
17526,Senior Data Engineer,excel,1,44,2.272727272727273,Rare
17527,Senior Data Engineer,amazon web services,1,44,2.272727272727273,Rare
17528,Senior Data Engineer,r,1,44,2.272727272727273,Rare
17529,Senior Data Engineer,soap,1,44,2.272727272727273,Rare
17530,Senior Data Engineer,unity,1,44,2.272727272727273,Rare
17531,Senior Data Engineer,pytest,1,44,2.272727272727273,Rare
17532,Senior Data Engineer,pandas,1,44,2.272727272727273,Rare
17533,Senior Data Engineer,design patterns,1,44,2.272727272727273,Rare
17534,Senior Data Engineer,pytorch,1,44,2.272727272727273,Rare
17535,Senior Data Engineer,matplotlib,1,44,2.272727272727273,Rare
17536,Senior Data Engineer,numpy,1,44,2.272727272727273,Rare
17537,Senior Data Engineer,oracle cloud,1,44,2.272727272727273,Rare
17538,Senior Data Engineer,graphql,1,44,2.272727272727273,Rare
17539,Senior Data Engineer,risk management,1,44,2.272727272727273,Rare
17540,Senior Data Engineer,apache spark,1,44,2.272727272727273,Rare
17541,Senior Data Engineer,dynamodb,1,44,2.272727272727273,Rare
17542,Senior Data Engineer,terraform,1,44,2.272727272727273,Rare
17543,Senior Data Engineer,infrastructure as code,1,44,2.272727272727273,Rare
17544,Senior Data Engineer,confluence,1,44,2.272727272727273,Rare
17685,Senior Data Scientist,python,20,22,90.9090909090909,Core
17686,Senior Data Scientist,statistics,17,22,77.27272727272727,Core
17687,Senior Data Scientist,machine learning,17,22,77.27272727272727,Core
17688,Senior Data Scientist,communication,15,22,68.18181818181817,Core
17689,Senior Data Scientist,r,13,22,59.09090909090909,Core
17690,Senior Data Scientist,sql,13,22,59.09090909090909,Core
17691,Senior Data Scientist,collaboration,11,22,50.0,Core
17692,Senior Data Scientist,leadership,10,22,45.45454545454545,Common
17693,Senior Data Scientist,agile,9,22,40.909090909090914,Common
17694,Senior Data Scientist,pytorch,5,22,22.727272727272727,Common
17695,Senior Data Scientist,decision making,5,22,22.727272727272727,Common
17696,Senior Data Scientist,deep learning,4,22,18.181818181818183,Supporting
17697,Senior Data Scientist,tensorflow,4,22,18.181818181818183,Supporting
17698,Senior Data Scientist,tableau,4,22,18.181818181818183,Supporting
17699,Senior Data Scientist,etl,4,22,18.181818181818183,Supporting
17700,Senior Data Scientist,hadoop,3,22,13.636363636363635,Supporting
17701,Senior Data Scientist,numpy,3,22,13.636363636363635,Supporting
17702,Senior Data Scientist,pandas,3,22,13.636363636363635,Supporting
17703,Senior Data Scientist,go,3,22,13.636363636363635,Supporting
17704,Senior Data Scientist,java,3,22,13.636363636363635,Supporting
17705,Senior Data Scientist,data visualization,3,22,13.636363636363635,Supporting
17706,Senior Data Scientist,mentoring,3,22,13.636363636363635,Supporting
17707,Senior Data Scientist,hive,2,22,9.090909090909092,Supporting
17708,Senior Data Scientist,scala,2,22,9.090909090909092,Supporting
17709,Senior Data Scientist,xgboost,2,22,9.090909090909092,Supporting
17710,Senior Data Scientist,natural language processing,2,22,9.090909090909092,Supporting
17711,Senior Data Scientist,excel,2,22,9.090909090909092,Supporting
17712,Senior Data Scientist,power bi,2,22,9.090909090909092,Supporting
17713,Senior Data Scientist,presentation skills,2,22,9.090909090909092,Supporting
17714,Senior Data Scientist,artificial intelligence,2,22,9.090909090909092,Supporting
17715,Senior Data Scientist,kubernetes,2,22,9.090909090909092,Supporting
17716,Senior Data Scientist,airflow,2,22,9.090909090909092,Supporting
17717,Senior Data Scientist,risk management,1,22,4.545454545454546,Rare
17718,Senior Data Scientist,javascript,1,22,4.545454545454546,Rare
17719,Senior Data Scientist,git,1,22,4.545454545454546,Rare
17720,Senior Data Scientist,typescript,1,22,4.545454545454546,Rare
17721,Senior Data Scientist,react,1,22,4.545454545454546,Rare
17722,Senior Data Scientist,postgresql,1,22,4.545454545454546,Rare
17723,Senior Data Scientist,mongodb,1,22,4.545454545454546,Rare
17724,Senior Data Scientist,github,1,22,4.545454545454546,Rare
17725,Senior Data Scientist,product management,1,22,4.545454545454546,Rare
17726,Senior Data Scientist,databricks,1,22,4.545454545454546,Rare
17727,Senior Data Scientist,feature engineering,1,22,4.545454545454546,Rare
17728,Senior Data Scientist,project planning,1,22,4.545454545454546,Rare
17729,Senior Data Scientist,linux,1,22,4.545454545454546,Rare
17730,Senior Data Scientist,docker,1,22,4.545454545454546,Rare
17731,Senior Data Scientist,model deployment,1,22,4.545454545454546,Rare
17732,Senior Data Scientist,microservices,1,22,4.545454545454546,Rare
17733,Senior Data Scientist,problem solving,1,22,4.545454545454546,Rare
17734,Senior Data Scientist,c,1,22,4.545454545454546,Rare
17735,Senior Data Scientist,snowflake,1,22,4.545454545454546,Rare
17736,Senior Data Scientist,reinforcement learning,1,22,4.545454545454546,Rare
17737,Senior Data Scientist,teamwork,1,22,4.545454545454546,Rare
17738,Senior Data Scientist,mlops,1,22,4.545454545454546,Rare
17739,Senior Data Scientist,ci/cd,1,22,4.545454545454546,Rare
17740,Senior Data Scientist,scikit-learn,1,22,4.545454545454546,Rare
17869,Senior Database Developer,sql,5,5,100.0,Core
17870,Senior Database Developer,unit testing,4,5,80.0,Core
17871,Senior Database Developer,oracle,3,5,60.0,Core
17872,Senior Database Developer,communication,3,5,60.0,Core
17873,Senior Database Developer,linux,3,5,60.0,Core
17874,Senior Database Developer,unix,3,5,60.0,Core
17875,Senior Database Developer,etl,2,5,40.0,Common
17876,Senior Database Developer,data pipelines,2,5,40.0,Common
17877,Senior Database Developer,postgresql,1,5,20.0,Common
17878,Senior Database Developer,power bi,1,5,20.0,Common
17879,Senior Database Developer,problem solving,1,5,20.0,Common
17880,Senior Database Developer,windows,1,5,20.0,Common
17881,Senior Database Developer,time management,1,5,20.0,Common
17882,Senior Database Developer,collaboration,1,5,20.0,Common
17883,Senior Database Developer,git,1,5,20.0,Common
17911,Senior DevOps Engineer,ci/cd,14,17,82.35294117647058,Core
17912,Senior DevOps Engineer,docker,9,17,52.94117647058824,Core
17913,Senior DevOps Engineer,jenkins,8,17,47.05882352941176,Common
17914,Senior DevOps Engineer,terraform,7,17,41.17647058823529,Common
17915,Senior DevOps Engineer,infrastructure as code,7,17,41.17647058823529,Common
17916,Senior DevOps Engineer,python,7,17,41.17647058823529,Common
17917,Senior DevOps Engineer,kubernetes,7,17,41.17647058823529,Common
17918,Senior DevOps Engineer,ansible,7,17,41.17647058823529,Common
17919,Senior DevOps Engineer,linux,6,17,35.294117647058826,Common
17920,Senior DevOps Engineer,powershell,6,17,35.294117647058826,Common
17921,Senior DevOps Engineer,communication,6,17,35.294117647058826,Common
17922,Senior DevOps Engineer,github,5,17,29.411764705882355,Common
17923,Senior DevOps Engineer,c,4,17,23.52941176470588,Common
17924,Senior DevOps Engineer,agile,4,17,23.52941176470588,Common
17925,Senior DevOps Engineer,windows,4,17,23.52941176470588,Common
17926,Senior DevOps Engineer,collaboration,4,17,23.52941176470588,Common
17927,Senior DevOps Engineer,github actions,3,17,17.647058823529413,Supporting
17928,Senior DevOps Engineer,bash,3,17,17.647058823529413,Supporting
17929,Senior DevOps Engineer,git,3,17,17.647058823529413,Supporting
17930,Senior DevOps Engineer,java,3,17,17.647058823529413,Supporting
17931,Senior DevOps Engineer,chef,3,17,17.647058823529413,Supporting
17932,Senior DevOps Engineer,microservices,2,17,11.76470588235294,Supporting
17933,Senior DevOps Engineer,microsoft azure,2,17,11.76470588235294,Supporting
17934,Senior DevOps Engineer,gitlab,2,17,11.76470588235294,Supporting
17935,Senior DevOps Engineer,javascript,2,17,11.76470588235294,Supporting
17936,Senior DevOps Engineer,vpn,2,17,11.76470588235294,Supporting
17937,Senior DevOps Engineer,mlops,2,17,11.76470588235294,Supporting
17938,Senior DevOps Engineer,teamwork,2,17,11.76470588235294,Supporting
17939,Senior DevOps Engineer,sql,2,17,11.76470588235294,Supporting
17940,Senior DevOps Engineer,shell scripting,2,17,11.76470588235294,Supporting
17941,Senior DevOps Engineer,data pipelines,1,17,5.88235294117647,Supporting
17942,Senior DevOps Engineer,decision making,1,17,5.88235294117647,Supporting
17943,Senior DevOps Engineer,php,1,17,5.88235294117647,Supporting
17944,Senior DevOps Engineer,amazon web services,1,17,5.88235294117647,Supporting
17945,Senior DevOps Engineer,google cloud platform,1,17,5.88235294117647,Supporting
17946,Senior DevOps Engineer,node.js,1,17,5.88235294117647,Supporting
17947,Senior DevOps Engineer,angular,1,17,5.88235294117647,Supporting
17948,Senior DevOps Engineer,time management,1,17,5.88235294117647,Supporting
17949,Senior DevOps Engineer,firewalls,1,17,5.88235294117647,Supporting
17950,Senior DevOps Engineer,cloudflare,1,17,5.88235294117647,Supporting
17951,Senior DevOps Engineer,machine learning,1,17,5.88235294117647,Supporting
17952,Senior DevOps Engineer,go,1,17,5.88235294117647,Supporting
17953,Senior DevOps Engineer,puppet,1,17,5.88235294117647,Supporting
17954,Senior DevOps Engineer,unit testing,1,17,5.88235294117647,Supporting
17955,Senior DevOps Engineer,bitbucket,1,17,5.88235294117647,Supporting
17956,Senior DevOps Engineer,network security,1,17,5.88235294117647,Supporting
17957,Senior DevOps Engineer,grafana,1,17,5.88235294117647,Supporting
17958,Senior DevOps Engineer,iot,1,17,5.88235294117647,Supporting
17959,Senior DevOps Engineer,encryption,1,17,5.88235294117647,Supporting
17960,Senior DevOps Engineer,prometheus,1,17,5.88235294117647,Supporting
17961,Senior DevOps Engineer,unix,1,17,5.88235294117647,Supporting
17962,Senior DevOps Engineer,risk management,1,17,5.88235294117647,Supporting
17963,Senior DevOps Engineer,scrum,1,17,5.88235294117647,Supporting
17964,Senior DevOps Engineer,system design,1,17,5.88235294117647,Supporting
17965,Senior DevOps Engineer,mongodb,1,17,5.88235294117647,Supporting
17966,Senior DevOps Engineer,load balancing,1,17,5.88235294117647,Supporting
17967,Senior DevOps Engineer,kanban,1,17,5.88235294117647,Supporting
17968,Senior DevOps Engineer,elasticsearch,1,17,5.88235294117647,Supporting
17969,Senior DevOps Engineer,dns,1,17,5.88235294117647,Supporting
18126,"Senior Editor, Software Engineering - US-Based",communication,5,5,100.0,Core
18127,"Senior Editor, Software Engineering - US-Based",collaboration,5,5,100.0,Core
18148,Senior Embedded Software Engineer,c,5,5,100.0,Core
18149,Senior Embedded Software Engineer,linux,4,5,80.0,Core
18150,Senior Embedded Software Engineer,agile,3,5,60.0,Core
18151,Senior Embedded Software Engineer,microcontrollers,2,5,40.0,Common
18152,Senior Embedded Software Engineer,rtos,2,5,40.0,Common
18153,Senior Embedded Software Engineer,git,2,5,40.0,Common
18154,Senior Embedded Software Engineer,matlab,2,5,40.0,Common
18155,Senior Embedded Software Engineer,communication,2,5,40.0,Common
18156,Senior Embedded Software Engineer,assembly,1,5,20.0,Common
18157,Senior Embedded Software Engineer,svn,1,5,20.0,Common
18158,Senior Embedded Software Engineer,leadership,1,5,20.0,Common
18159,Senior Embedded Software Engineer,embedded c,1,5,20.0,Common
18160,Senior Embedded Software Engineer,python,1,5,20.0,Common
18161,Senior Embedded Software Engineer,scrum,1,5,20.0,Common
18162,Senior Embedded Software Engineer,tcp/ip,1,5,20.0,Common
18163,Senior Embedded Software Engineer,design patterns,1,5,20.0,Common
18164,Senior Embedded Software Engineer,unit testing,1,5,20.0,Common
18165,Senior Embedded Software Engineer,iot,1,5,20.0,Common
18166,Senior Embedded Software Engineer,collaboration,1,5,20.0,Common
18167,Senior Embedded Software Engineer,r,1,5,20.0,Common
18168,Senior Embedded Software Engineer,less,1,5,20.0,Common
18169,Senior Embedded Software Engineer,machine learning,1,5,20.0,Common
18314,Senior Frontend Developer,react,4,5,80.0,Core
18315,Senior Frontend Developer,javascript,3,5,60.0,Core
18316,Senior Frontend Developer,angular,3,5,60.0,Core
18317,Senior Frontend Developer,communication,2,5,40.0,Common
18318,Senior Frontend Developer,css,2,5,40.0,Common
18319,Senior Frontend Developer,html,2,5,40.0,Common
18320,Senior Frontend Developer,scrum,1,5,20.0,Common
18321,Senior Frontend Developer,jira,1,5,20.0,Common
18322,Senior Frontend Developer,design patterns,1,5,20.0,Common
18323,Senior Frontend Developer,c,1,5,20.0,Common
18324,Senior Frontend Developer,unit testing,1,5,20.0,Common
18325,Senior Frontend Developer,test-driven development,1,5,20.0,Common
18326,Senior Frontend Developer,agile,1,5,20.0,Common
18327,Senior Frontend Developer,mongodb,1,5,20.0,Common
18328,Senior Frontend Developer,java,1,5,20.0,Common
18329,Senior Frontend Developer,microservices,1,5,20.0,Common
18330,Senior Frontend Developer,vue.js,1,5,20.0,Common
18331,Senior Frontend Developer,collaboration,1,5,20.0,Common
18332,Senior Frontend Developer,microservices architecture,1,5,20.0,Common
18333,Senior Frontend Developer,python,1,5,20.0,Common
18614,Senior Full Stack Engineer - Payments,javascript,6,6,100.0,Core
18615,Senior Full Stack Engineer - Payments,webpack,6,6,100.0,Core
18616,Senior Full Stack Engineer - Payments,typescript,6,6,100.0,Core
18617,Senior Full Stack Engineer - Payments,terraform,6,6,100.0,Core
18618,Senior Full Stack Engineer - Payments,design patterns,6,6,100.0,Core
18619,Senior Full Stack Engineer - Payments,react,6,6,100.0,Core
18620,Senior Full Stack Engineer - Payments,ci/cd,6,6,100.0,Core
18621,Senior Full Stack Engineer - Payments,java,6,6,100.0,Core
18622,Senior Full Stack Engineer - Payments,php,6,6,100.0,Core
18623,Senior Full Stack Engineer - Payments,agile,6,6,100.0,Core
18624,Senior Full Stack Engineer - Payments,github actions,6,6,100.0,Core
18625,Senior Full Stack Engineer - Payments,github,6,6,100.0,Core
18919,Senior Infrastructure Engineer,windows,7,10,70.0,Core
18920,Senior Infrastructure Engineer,communication,4,10,40.0,Common
18921,Senior Infrastructure Engineer,powershell,4,10,40.0,Common
18922,Senior Infrastructure Engineer,python,3,10,30.0,Common
18923,Senior Infrastructure Engineer,collaboration,2,10,20.0,Common
18924,Senior Infrastructure Engineer,linux,2,10,20.0,Common
18925,Senior Infrastructure Engineer,tcp/ip,2,10,20.0,Common
18926,Senior Infrastructure Engineer,sql,2,10,20.0,Common
18927,Senior Infrastructure Engineer,terraform,2,10,20.0,Common
18928,Senior Infrastructure Engineer,ci/cd,2,10,20.0,Common
18929,Senior Infrastructure Engineer,kubernetes,2,10,20.0,Common
18930,Senior Infrastructure Engineer,system design,1,10,10.0,Supporting
18931,Senior Infrastructure Engineer,adaptability,1,10,10.0,Supporting
18932,Senior Infrastructure Engineer,network security,1,10,10.0,Supporting
18933,Senior Infrastructure Engineer,teamwork,1,10,10.0,Supporting
18934,Senior Infrastructure Engineer,leadership,1,10,10.0,Supporting
18935,Senior Infrastructure Engineer,vpn,1,10,10.0,Supporting
18936,Senior Infrastructure Engineer,cloudflare,1,10,10.0,Supporting
18937,Senior Infrastructure Engineer,dns,1,10,10.0,Supporting
18938,Senior Infrastructure Engineer,mentoring,1,10,10.0,Supporting
18939,Senior Infrastructure Engineer,git,1,10,10.0,Supporting
18940,Senior Infrastructure Engineer,critical thinking,1,10,10.0,Supporting
18941,Senior Infrastructure Engineer,ansible,1,10,10.0,Supporting
18942,Senior Infrastructure Engineer,agile,1,10,10.0,Supporting
18943,Senior Infrastructure Engineer,typescript,1,10,10.0,Supporting
18944,Senior Infrastructure Engineer,kafka,1,10,10.0,Supporting
18945,Senior Infrastructure Engineer,react,1,10,10.0,Supporting
18946,Senior Infrastructure Engineer,flink,1,10,10.0,Supporting
18947,Senior Infrastructure Engineer,java,1,10,10.0,Supporting
18948,Senior Infrastructure Engineer,docker,1,10,10.0,Supporting
18949,Senior Infrastructure Engineer,go,1,10,10.0,Supporting
18972,Senior Java Software Engineer,java,11,11,100.0,Core
18973,Senior Java Software Engineer,agile,5,11,45.45454545454545,Common
18974,Senior Java Software Engineer,oracle,4,11,36.36363636363637,Common
18975,Senior Java Software Engineer,sql,4,11,36.36363636363637,Common
18976,Senior Java Software Engineer,soap,4,11,36.36363636363637,Common
18977,Senior Java Software Engineer,spring boot,4,11,36.36363636363637,Common
18978,Senior Java Software Engineer,microservices,3,11,27.27272727272727,Common
18979,Senior Java Software Engineer,communication,3,11,27.27272727272727,Common
18980,Senior Java Software Engineer,kafka,3,11,27.27272727272727,Common
18981,Senior Java Software Engineer,git,3,11,27.27272727272727,Common
18982,Senior Java Software Engineer,leadership,3,11,27.27272727272727,Common
18983,Senior Java Software Engineer,angular,3,11,27.27272727272727,Common
18984,Senior Java Software Engineer,scrum,2,11,18.181818181818183,Supporting
18985,Senior Java Software Engineer,ci/cd,2,11,18.181818181818183,Supporting
18986,Senior Java Software Engineer,jenkins,2,11,18.181818181818183,Supporting
18987,Senior Java Software Engineer,design patterns,2,11,18.181818181818183,Supporting
18988,Senior Java Software Engineer,html,2,11,18.181818181818183,Supporting
18989,Senior Java Software Engineer,css,2,11,18.181818181818183,Supporting
18990,Senior Java Software Engineer,python,1,11,9.090909090909092,Supporting
18991,Senior Java Software Engineer,typescript,1,11,9.090909090909092,Supporting
18992,Senior Java Software Engineer,problem solving,1,11,9.090909090909092,Supporting
18993,Senior Java Software Engineer,docker,1,11,9.090909090909092,Supporting
18994,Senior Java Software Engineer,github,1,11,9.090909090909092,Supporting
18995,Senior Java Software Engineer,less,1,11,9.090909090909092,Supporting
18996,Senior Java Software Engineer,javascript,1,11,9.090909090909092,Supporting
18997,Senior Java Software Engineer,terraform,1,11,9.090909090909092,Supporting
18998,Senior Java Software Engineer,react,1,11,9.090909090909092,Supporting
18999,Senior Java Software Engineer,go,1,11,9.090909090909092,Supporting
19000,Senior Java Software Engineer,selenium,1,11,9.090909090909092,Supporting
19001,Senior Java Software Engineer,rest api,1,11,9.090909090909092,Supporting
19002,Senior Java Software Engineer,gitlab,1,11,9.090909090909092,Supporting
19003,Senior Java Software Engineer,mentoring,1,11,9.090909090909092,Supporting
19004,Senior Java Software Engineer,svn,1,11,9.090909090909092,Supporting
19005,Senior Java Software Engineer,apache,1,11,9.090909090909092,Supporting
19006,Senior Java Software Engineer,amazon web services,1,11,9.090909090909092,Supporting
19038,Senior Lead Engineer - Generative AI Infrastructure (Remote-Eligible),tensorflow,5,5,100.0,Core
19039,Senior Lead Engineer - Generative AI Infrastructure (Remote-Eligible),python,5,5,100.0,Core
19040,Senior Lead Engineer - Generative AI Infrastructure (Remote-Eligible),scala,5,5,100.0,Core
19041,Senior Lead Engineer - Generative AI Infrastructure (Remote-Eligible),machine learning,5,5,100.0,Core
19042,Senior Lead Engineer - Generative AI Infrastructure (Remote-Eligible),pytorch,5,5,100.0,Core
19043,Senior Lead Engineer - Generative AI Infrastructure (Remote-Eligible),go,5,5,100.0,Core
19044,Senior Lead Engineer - Generative AI Infrastructure (Remote-Eligible),java,4,5,80.0,Core
19045,Senior Lead Engineer - Generative AI Product Engineering,python,7,7,100.0,Core
19046,Senior Lead Engineer - Generative AI Product Engineering,scala,7,7,100.0,Core
19047,Senior Lead Engineer - Generative AI Product Engineering,machine learning,7,7,100.0,Core
19048,Senior Lead Engineer - Generative AI Product Engineering,computer vision,7,7,100.0,Core
19049,Senior Lead Engineer - Generative AI Product Engineering,java,7,7,100.0,Core
19050,Senior Lead Engineer - Generative AI Product Engineering,go,7,7,100.0,Core
19123,"Senior Lead Software Engineer, Full Stack (Remote -Eligible)",microservices,5,5,100.0,Core
19124,"Senior Lead Software Engineer, Full Stack (Remote -Eligible)",mentoring,5,5,100.0,Core
19125,"Senior Lead Software Engineer, Full Stack (Remote -Eligible)",communication,5,5,100.0,Core
19126,"Senior Lead Software Engineer, Full Stack (Remote -Eligible)",python,5,5,100.0,Core
19127,"Senior Lead Software Engineer, Full Stack (Remote -Eligible)",javascript,5,5,100.0,Core
19128,"Senior Lead Software Engineer, Full Stack (Remote -Eligible)",typescript,5,5,100.0,Core
19129,"Senior Lead Software Engineer, Full Stack (Remote -Eligible)",cassandra,5,5,100.0,Core
19130,"Senior Lead Software Engineer, Full Stack (Remote -Eligible)",hive,5,5,100.0,Core
19131,"Senior Lead Software Engineer, Full Stack (Remote -Eligible)",sql,5,5,100.0,Core
19132,"Senior Lead Software Engineer, Full Stack (Remote -Eligible)",node.js,5,5,100.0,Core
19133,"Senior Lead Software Engineer, Full Stack (Remote -Eligible)",docker,5,5,100.0,Core
19134,"Senior Lead Software Engineer, Full Stack (Remote -Eligible)",leadership,5,5,100.0,Core
19135,"Senior Lead Software Engineer, Full Stack (Remote -Eligible)",agile,5,5,100.0,Core
19136,"Senior Lead Software Engineer, Full Stack (Remote -Eligible)",kubernetes,5,5,100.0,Core
19137,"Senior Lead Software Engineer, Full Stack (Remote -Eligible)",microsoft azure,5,5,100.0,Core
19169,Senior Machine Learning Engineer,machine learning,18,19,94.73684210526315,Core
19170,Senior Machine Learning Engineer,python,16,19,84.21052631578947,Core
19171,Senior Machine Learning Engineer,communication,9,19,47.368421052631575,Common
19172,Senior Machine Learning Engineer,tensorflow,9,19,47.368421052631575,Common
19173,Senior Machine Learning Engineer,pytorch,9,19,47.368421052631575,Common
19174,Senior Machine Learning Engineer,data pipelines,6,19,31.57894736842105,Common
19175,Senior Machine Learning Engineer,deep learning,5,19,26.31578947368421,Common
19176,Senior Machine Learning Engineer,collaboration,5,19,26.31578947368421,Common
19177,Senior Machine Learning Engineer,mlops,5,19,26.31578947368421,Common
19178,Senior Machine Learning Engineer,google cloud platform,5,19,26.31578947368421,Common
19179,Senior Machine Learning Engineer,docker,5,19,26.31578947368421,Common
19180,Senior Machine Learning Engineer,c,4,19,21.052631578947366,Common
19181,Senior Machine Learning Engineer,artificial intelligence,4,19,21.052631578947366,Common
19182,Senior Machine Learning Engineer,databricks,4,19,21.052631578947366,Common
19183,Senior Machine Learning Engineer,agile,4,19,21.052631578947366,Common
19184,Senior Machine Learning Engineer,kubernetes,4,19,21.052631578947366,Common
19185,Senior Machine Learning Engineer,scikit-learn,4,19,21.052631578947366,Common
19186,Senior Machine Learning Engineer,computer vision,3,19,15.789473684210526,Supporting
19187,Senior Machine Learning Engineer,sql,3,19,15.789473684210526,Supporting
19188,Senior Machine Learning Engineer,leadership,3,19,15.789473684210526,Supporting
19189,Senior Machine Learning Engineer,natural language processing,3,19,15.789473684210526,Supporting
19190,Senior Machine Learning Engineer,feature engineering,3,19,15.789473684210526,Supporting
19191,Senior Machine Learning Engineer,scala,3,19,15.789473684210526,Supporting
19192,Senior Machine Learning Engineer,java,3,19,15.789473684210526,Supporting
19193,Senior Machine Learning Engineer,jenkins,2,19,10.526315789473683,Supporting
19194,Senior Machine Learning Engineer,terraform,2,19,10.526315789473683,Supporting
19195,Senior Machine Learning Engineer,bigquery,2,19,10.526315789473683,Supporting
19196,Senior Machine Learning Engineer,ci/cd,2,19,10.526315789473683,Supporting
19197,Senior Machine Learning Engineer,github,1,19,5.263157894736842,Supporting
19198,Senior Machine Learning Engineer,snowflake,1,19,5.263157894736842,Supporting
19199,Senior Machine Learning Engineer,etl,1,19,5.263157894736842,Supporting
19200,Senior Machine Learning Engineer,infrastructure as code,1,19,5.263157894736842,Supporting
19201,Senior Machine Learning Engineer,problem solving,1,19,5.263157894736842,Supporting
19202,Senior Machine Learning Engineer,bash,1,19,5.263157894736842,Supporting
19203,Senior Machine Learning Engineer,airflow,1,19,5.263157894736842,Supporting
19204,Senior Machine Learning Engineer,powershell,1,19,5.263157894736842,Supporting
19205,Senior Machine Learning Engineer,teamwork,1,19,5.263157894736842,Supporting
19206,Senior Machine Learning Engineer,statistics,1,19,5.263157894736842,Supporting
19207,Senior Machine Learning Engineer,reinforcement learning,1,19,5.263157894736842,Supporting
19208,Senior Machine Learning Engineer,data visualization,1,19,5.263157894736842,Supporting
19209,Senior Machine Learning Engineer,git,1,19,5.263157894736842,Supporting
19210,Senior Machine Learning Engineer,neo4j,1,19,5.263157894736842,Supporting
19211,Senior Machine Learning Engineer,julia,1,19,5.263157894736842,Supporting
19212,Senior Machine Learning Engineer,ansible,1,19,5.263157894736842,Supporting
19213,Senior Machine Learning Engineer,r,1,19,5.263157894736842,Supporting
19214,Senior Machine Learning Engineer,numpy,1,19,5.263157894736842,Supporting
19215,Senior Machine Learning Engineer,pandas,1,19,5.263157894736842,Supporting
19216,Senior Machine Learning Engineer,keras,1,19,5.263157894736842,Supporting
19217,Senior Machine Learning Engineer,c++,1,19,5.263157894736842,Supporting
19346,"Senior Manager, Full Stack Software Engineering - Capital One Software (Remote Eligible)",microservices,5,5,100.0,Core
19347,"Senior Manager, Full Stack Software Engineering - Capital One Software (Remote Eligible)",python,5,5,100.0,Core
19348,"Senior Manager, Full Stack Software Engineering - Capital One Software (Remote Eligible)",lua,5,5,100.0,Core
19349,"Senior Manager, Full Stack Software Engineering - Capital One Software (Remote Eligible)",nginx,5,5,100.0,Core
19350,"Senior Manager, Full Stack Software Engineering - Capital One Software (Remote Eligible)",c,5,5,100.0,Core
19351,"Senior Manager, Full Stack Software Engineering - Capital One Software (Remote Eligible)",machine learning,5,5,100.0,Core
19352,"Senior Manager, Full Stack Software Engineering - Capital One Software (Remote Eligible)",react,5,5,100.0,Core
19353,"Senior Manager, Full Stack Software Engineering - Capital One Software (Remote Eligible)",java,5,5,100.0,Core
19354,"Senior Manager, Full Stack Software Engineering - Capital One Software (Remote Eligible)",agile,5,5,100.0,Core
19355,"Senior Manager, Full Stack Software Engineering - Capital One Software (Remote Eligible)",rust,5,5,100.0,Core
19356,"Senior Manager, Full Stack Software Engineering - Capital One Software (Remote Eligible)",go,5,5,100.0,Core
19357,"Senior Manager, Full Stack Software Engineering - Capital One Software (Remote Eligible)",microsoft azure,5,5,100.0,Core
19358,"Senior Manager, Generative AI Product Engineering - People Leader - (Remote Eligible)",mentoring,8,8,100.0,Core
19359,"Senior Manager, Generative AI Product Engineering - People Leader - (Remote Eligible)",python,8,8,100.0,Core
19360,"Senior Manager, Generative AI Product Engineering - People Leader - (Remote Eligible)",c,8,8,100.0,Core
19361,"Senior Manager, Generative AI Product Engineering - People Leader - (Remote Eligible)",scala,8,8,100.0,Core
19362,"Senior Manager, Generative AI Product Engineering - People Leader - (Remote Eligible)",machine learning,8,8,100.0,Core
19363,"Senior Manager, Generative AI Product Engineering - People Leader - (Remote Eligible)",computer vision,8,8,100.0,Core
19364,"Senior Manager, Generative AI Product Engineering - People Leader - (Remote Eligible)",go,8,8,100.0,Core
19368,"Senior Manager, Product Manager, Cloud Security",mentoring,6,6,100.0,Core
19369,"Senior Manager, Product Manager, Cloud Security",c,6,6,100.0,Core
19370,"Senior Manager, Product Manager, Cloud Security",collaboration,6,6,100.0,Core
19371,"Senior Manager, Product Manager, Cloud Security",machine learning,6,6,100.0,Core
19372,"Senior Manager, Product Manager, Cloud Security",r,6,6,100.0,Core
19373,"Senior Manager, Product Manager, Cloud Security",artificial intelligence,6,6,100.0,Core
19374,"Senior Manager, Product Manager, Cloud Security",product management,6,6,100.0,Core
19375,"Senior Manager, Product Manager, Cloud Security",leadership,6,6,100.0,Core
19376,"Senior Manager, Product Manager, Cloud Security",agile,6,6,100.0,Core
19486,Senior Network Security Engineer,network security,5,6,83.33333333333334,Core
19487,Senior Network Security Engineer,firewalls,5,6,83.33333333333334,Core
19488,Senior Network Security Engineer,vpn,3,6,50.0,Core
19489,Senior Network Security Engineer,communication,1,6,16.666666666666664,Supporting
19490,Senior Network Security Engineer,linux,1,6,16.666666666666664,Supporting
19491,Senior Network Security Engineer,windows,1,6,16.666666666666664,Supporting
19492,Senior Network Security Engineer,leadership,1,6,16.666666666666664,Supporting
19493,Senior Network Security Engineer,encryption,1,6,16.666666666666664,Supporting
19494,Senior Network Security Engineer,python,1,6,16.666666666666664,Supporting
19495,Senior Network Security Engineer,perl,1,6,16.666666666666664,Supporting
19496,Senior Network Security Engineer,siem,1,6,16.666666666666664,Supporting
19497,Senior Network Security Engineer,kubernetes,1,6,16.666666666666664,Supporting
19498,Senior Network Security Engineer,powershell,1,6,16.666666666666664,Supporting
19499,Senior Network Security Engineer,project planning,1,6,16.666666666666664,Supporting
19500,Senior Network Security Engineer,excel,1,6,16.666666666666664,Supporting
19561,Senior Power BI Developer,sql,6,7,85.71428571428571,Core
19562,Senior Power BI Developer,power bi,5,7,71.42857142857143,Core
19563,Senior Power BI Developer,data warehousing,4,7,57.14285714285714,Core
19564,Senior Power BI Developer,excel,4,7,57.14285714285714,Core
19565,Senior Power BI Developer,etl,4,7,57.14285714285714,Core
19566,Senior Power BI Developer,data visualization,3,7,42.857142857142854,Common
19567,Senior Power BI Developer,leadership,2,7,28.57142857142857,Common
19568,Senior Power BI Developer,microsoft sql server,1,7,14.285714285714285,Supporting
19569,Senior Power BI Developer,mentoring,1,7,14.285714285714285,Supporting
19570,Senior Power BI Developer,communication,1,7,14.285714285714285,Supporting
19571,Senior Power BI Developer,python,1,7,14.285714285714285,Supporting
19572,Senior Power BI Developer,r,1,7,14.285714285714285,Supporting
19573,Senior Power BI Developer,agile,1,7,14.285714285714285,Supporting
19574,Senior Power BI Developer,tableau,1,7,14.285714285714285,Supporting
19575,Senior Power BI Developer,artificial intelligence,1,7,14.285714285714285,Supporting
19642,Senior QA Engineer,java,3,5,60.0,Core
19643,Senior QA Engineer,product management,2,5,40.0,Common
19644,Senior QA Engineer,agile,2,5,40.0,Common
19645,Senior QA Engineer,oracle,2,5,40.0,Common
19646,Senior QA Engineer,python,2,5,40.0,Common
19647,Senior QA Engineer,linux,2,5,40.0,Common
19648,Senior QA Engineer,problem solving,2,5,40.0,Common
19649,Senior QA Engineer,c,2,5,40.0,Common
19650,Senior QA Engineer,c++,2,5,40.0,Common
19651,Senior QA Engineer,unix,2,5,40.0,Common
19652,Senior QA Engineer,mysql,2,5,40.0,Common
19653,Senior QA Engineer,shell scripting,2,5,40.0,Common
19654,Senior QA Engineer,postgresql,2,5,40.0,Common
19655,Senior QA Engineer,communication,2,5,40.0,Common
19656,Senior QA Engineer,jira,2,5,40.0,Common
19657,Senior QA Engineer,iot,1,5,20.0,Common
19658,Senior QA Engineer,integration testing,1,5,20.0,Common
19659,Senior QA Engineer,r,1,5,20.0,Common
19660,Senior QA Engineer,selenium,1,5,20.0,Common
19661,Senior QA Engineer,jenkins,1,5,20.0,Common
19662,Senior QA Engineer,junit,1,5,20.0,Common
19663,Senior QA Engineer,sql,1,5,20.0,Common
19664,Senior QA Engineer,ci/cd,1,5,20.0,Common
19665,Senior QA Engineer,qa methodologies,1,5,20.0,Common
19666,Senior QA Engineer,confluence,1,5,20.0,Common
19667,Senior QA Engineer,automation testing,1,5,20.0,Common
19831,Senior Security Engineer,communication,6,6,100.0,Core
19832,Senior Security Engineer,linux,3,6,50.0,Core
19833,Senior Security Engineer,python,3,6,50.0,Core
19834,Senior Security Engineer,collaboration,2,6,33.33333333333333,Common
19835,Senior Security Engineer,iso 27001,2,6,33.33333333333333,Common
19836,Senior Security Engineer,terraform,2,6,33.33333333333333,Common
19837,Senior Security Engineer,go,2,6,33.33333333333333,Common
19838,Senior Security Engineer,firewalls,2,6,33.33333333333333,Common
19839,Senior Security Engineer,problem solving,1,6,16.666666666666664,Supporting
19840,Senior Security Engineer,penetration testing,1,6,16.666666666666664,Supporting
19841,Senior Security Engineer,windows,1,6,16.666666666666664,Supporting
19842,Senior Security Engineer,javascript,1,6,16.666666666666664,Supporting
19843,Senior Security Engineer,infrastructure as code,1,6,16.666666666666664,Supporting
19844,Senior Security Engineer,salesforce,1,6,16.666666666666664,Supporting
19845,Senior Security Engineer,dns,1,6,16.666666666666664,Supporting
19846,Senior Security Engineer,r,1,6,16.666666666666664,Supporting
19847,Senior Security Engineer,bash,1,6,16.666666666666664,Supporting
19848,Senior Security Engineer,presentation skills,1,6,16.666666666666664,Supporting
19849,Senior Security Engineer,siem,1,6,16.666666666666664,Supporting
19850,Senior Security Engineer,grafana,1,6,16.666666666666664,Supporting
19851,Senior Security Engineer,powershell,1,6,16.666666666666664,Supporting
19852,Senior Security Engineer,time management,1,6,16.666666666666664,Supporting
19853,Senior Security Engineer,iot,1,6,16.666666666666664,Supporting
19854,Senior Security Engineer,leadership,1,6,16.666666666666664,Supporting
19855,Senior Security Engineer,github,1,6,16.666666666666664,Supporting
19900,Senior Site Reliability Engineer,docker,11,18,61.111111111111114,Core
19901,Senior Site Reliability Engineer,kubernetes,11,18,61.111111111111114,Core
19902,Senior Site Reliability Engineer,python,10,18,55.55555555555556,Core
19903,Senior Site Reliability Engineer,go,10,18,55.55555555555556,Core
19904,Senior Site Reliability Engineer,linux,9,18,50.0,Core
19905,Senior Site Reliability Engineer,terraform,7,18,38.88888888888889,Common
19906,Senior Site Reliability Engineer,collaboration,7,18,38.88888888888889,Common
19907,Senior Site Reliability Engineer,ansible,7,18,38.88888888888889,Common
19908,Senior Site Reliability Engineer,communication,6,18,33.33333333333333,Common
19909,Senior Site Reliability Engineer,chef,6,18,33.33333333333333,Common
19910,Senior Site Reliability Engineer,agile,5,18,27.77777777777778,Common
19911,Senior Site Reliability Engineer,puppet,5,18,27.77777777777778,Common
19912,Senior Site Reliability Engineer,leadership,5,18,27.77777777777778,Common
19913,Senior Site Reliability Engineer,c,4,18,22.22222222222222,Common
19914,Senior Site Reliability Engineer,redis,4,18,22.22222222222222,Common
19915,Senior Site Reliability Engineer,java,4,18,22.22222222222222,Common
19916,Senior Site Reliability Engineer,ci/cd,4,18,22.22222222222222,Common
19917,Senior Site Reliability Engineer,infrastructure as code,4,18,22.22222222222222,Common
19918,Senior Site Reliability Engineer,bash,4,18,22.22222222222222,Common
19919,Senior Site Reliability Engineer,hadoop,3,18,16.666666666666664,Supporting
19920,Senior Site Reliability Engineer,microservices,3,18,16.666666666666664,Supporting
19921,Senior Site Reliability Engineer,problem solving,3,18,16.666666666666664,Supporting
19922,Senior Site Reliability Engineer,git,3,18,16.666666666666664,Supporting
19923,Senior Site Reliability Engineer,sql,3,18,16.666666666666664,Supporting
19924,Senior Site Reliability Engineer,grafana,3,18,16.666666666666664,Supporting
19925,Senior Site Reliability Engineer,unix,2,18,11.11111111111111,Supporting
19926,Senior Site Reliability Engineer,flink,2,18,11.11111111111111,Supporting
19927,Senior Site Reliability Engineer,mysql,2,18,11.11111111111111,Supporting
19928,Senior Site Reliability Engineer,mentoring,2,18,11.11111111111111,Supporting
19929,Senior Site Reliability Engineer,machine learning,2,18,11.11111111111111,Supporting
19930,Senior Site Reliability Engineer,less,2,18,11.11111111111111,Supporting
19931,Senior Site Reliability Engineer,scrum,2,18,11.11111111111111,Supporting
19932,Senior Site Reliability Engineer,r,2,18,11.11111111111111,Supporting
19933,Senior Site Reliability Engineer,oracle,2,18,11.11111111111111,Supporting
19934,Senior Site Reliability Engineer,jenkins,2,18,11.11111111111111,Supporting
19935,Senior Site Reliability Engineer,react,2,18,11.11111111111111,Supporting
19936,Senior Site Reliability Engineer,kafka,2,18,11.11111111111111,Supporting
19937,Senior Site Reliability Engineer,prometheus,2,18,11.11111111111111,Supporting
19938,Senior Site Reliability Engineer,shell scripting,2,18,11.11111111111111,Supporting
19939,Senior Site Reliability Engineer,tcp/ip,2,18,11.11111111111111,Supporting
19940,Senior Site Reliability Engineer,red hat,2,18,11.11111111111111,Supporting
19941,Senior Site Reliability Engineer,ubuntu,2,18,11.11111111111111,Supporting
19942,Senior Site Reliability Engineer,microsoft azure,2,18,11.11111111111111,Supporting
19943,Senior Site Reliability Engineer,system design,2,18,11.11111111111111,Supporting
19944,Senior Site Reliability Engineer,excel,1,18,5.555555555555555,Supporting
19945,Senior Site Reliability Engineer,encryption,1,18,5.555555555555555,Supporting
19946,Senior Site Reliability Engineer,airflow,1,18,5.555555555555555,Supporting
19947,Senior Site Reliability Engineer,ux research,1,18,5.555555555555555,Supporting
19948,Senior Site Reliability Engineer,sap,1,18,5.555555555555555,Supporting
19949,Senior Site Reliability Engineer,scala,1,18,5.555555555555555,Supporting
19950,Senior Site Reliability Engineer,six sigma,1,18,5.555555555555555,Supporting
19951,Senior Site Reliability Engineer,dbt,1,18,5.555555555555555,Supporting
19952,Senior Site Reliability Engineer,data warehousing,1,18,5.555555555555555,Supporting
19953,Senior Site Reliability Engineer,tableau,1,18,5.555555555555555,Supporting
19954,Senior Site Reliability Engineer,snowflake,1,18,5.555555555555555,Supporting
19955,Senior Site Reliability Engineer,javascript,1,18,5.555555555555555,Supporting
19956,Senior Site Reliability Engineer,bitbucket,1,18,5.555555555555555,Supporting
19957,Senior Site Reliability Engineer,soap,1,18,5.555555555555555,Supporting
19958,Senior Site Reliability Engineer,mongodb,1,18,5.555555555555555,Supporting
19959,Senior Site Reliability Engineer,spring boot,1,18,5.555555555555555,Supporting
19960,Senior Site Reliability Engineer,angular,1,18,5.555555555555555,Supporting
19961,Senior Site Reliability Engineer,gitlab ci/cd,1,18,5.555555555555555,Supporting
19962,Senior Site Reliability Engineer,gitlab,1,18,5.555555555555555,Supporting
19963,Senior Site Reliability Engineer,teamwork,1,18,5.555555555555555,Supporting
19964,Senior Site Reliability Engineer,dns,1,18,5.555555555555555,Supporting
19965,Senior Site Reliability Engineer,firewalls,1,18,5.555555555555555,Supporting
19966,Senior Site Reliability Engineer,cassandra,1,18,5.555555555555555,Supporting
19967,Senior Site Reliability Engineer,elasticsearch,1,18,5.555555555555555,Supporting
19968,Senior Site Reliability Engineer,node.js,1,18,5.555555555555555,Supporting
20003,Senior Software Developer,agile,6,7,85.71428571428571,Core
20004,Senior Software Developer,c,5,7,71.42857142857143,Core
20005,Senior Software Developer,python,4,7,57.14285714285714,Core
20006,Senior Software Developer,javascript,4,7,57.14285714285714,Core
20007,Senior Software Developer,communication,3,7,42.857142857142854,Common
20008,Senior Software Developer,leadership,3,7,42.857142857142854,Common
20009,Senior Software Developer,docker,2,7,28.57142857142857,Common
20010,Senior Software Developer,ci/cd,2,7,28.57142857142857,Common
20011,Senior Software Developer,git,2,7,28.57142857142857,Common
20012,Senior Software Developer,linux,2,7,28.57142857142857,Common
20013,Senior Software Developer,windows,2,7,28.57142857142857,Common
20014,Senior Software Developer,java,2,7,28.57142857142857,Common
20015,Senior Software Developer,tensorflow,1,7,14.285714285714285,Supporting
20016,Senior Software Developer,vue.js,1,7,14.285714285714285,Supporting
20017,Senior Software Developer,jenkins,1,7,14.285714285714285,Supporting
20018,Senior Software Developer,gitlab ci/cd,1,7,14.285714285714285,Supporting
20019,Senior Software Developer,gitlab,1,7,14.285714285714285,Supporting
20020,Senior Software Developer,machine learning,1,7,14.285714285714285,Supporting
20021,Senior Software Developer,pytorch,1,7,14.285714285714285,Supporting
20022,Senior Software Developer,node.js,1,7,14.285714285714285,Supporting
20023,Senior Software Developer,react,1,7,14.285714285714285,Supporting
20024,Senior Software Developer,kubernetes,1,7,14.285714285714285,Supporting
20025,Senior Software Developer,design patterns,1,7,14.285714285714285,Supporting
20026,Senior Software Developer,collaboration,1,7,14.285714285714285,Supporting
20027,Senior Software Developer,sql,1,7,14.285714285714285,Supporting
20028,Senior Software Developer,oracle,1,7,14.285714285714285,Supporting
20029,Senior Software Developer,svn,1,7,14.285714285714285,Supporting
20030,Senior Software Developer,scrum,1,7,14.285714285714285,Supporting
20031,Senior Software Developer,excel,1,7,14.285714285714285,Supporting
20032,Senior Software Developer,data pipelines,1,7,14.285714285714285,Supporting
20033,Senior Software Developer,ui design,1,7,14.285714285714285,Supporting
20034,Senior Software Developer,system design,1,7,14.285714285714285,Supporting
20065,Senior Software Development Engineer,ci/cd,2,5,40.0,Common
20066,Senior Software Development Engineer,communication,2,5,40.0,Common
20067,Senior Software Development Engineer,apache,1,5,20.0,Common
20068,Senior Software Development Engineer,presto,1,5,20.0,Common
20069,Senior Software Development Engineer,react,1,5,20.0,Common
20070,Senior Software Development Engineer,c,1,5,20.0,Common
20071,Senior Software Development Engineer,gitlab ci/cd,1,5,20.0,Common
20072,Senior Software Development Engineer,javascript,1,5,20.0,Common
20073,Senior Software Development Engineer,git,1,5,20.0,Common
20074,Senior Software Development Engineer,gitlab,1,5,20.0,Common
20075,Senior Software Development Engineer,design patterns,1,5,20.0,Common
20076,Senior Software Development Engineer,dbt,1,5,20.0,Common
20077,Senior Software Development Engineer,docker,1,5,20.0,Common
20078,Senior Software Development Engineer,cypress,1,5,20.0,Common
20079,Senior Software Development Engineer,mlops,1,5,20.0,Common
20080,Senior Software Development Engineer,machine learning,1,5,20.0,Common
20081,Senior Software Development Engineer,go,1,5,20.0,Common
20082,Senior Software Development Engineer,github,1,5,20.0,Common
20083,Senior Software Development Engineer,python,1,5,20.0,Common
20084,Senior Software Development Engineer,pytorch,1,5,20.0,Common
20122,Senior Software Engineer,agile,82,159,51.57232704402516,Core
20123,Senior Software Engineer,c,59,159,37.10691823899371,Common
20124,Senior Software Engineer,javascript,57,159,35.84905660377358,Common
20125,Senior Software Engineer,java,56,159,35.22012578616352,Common
20126,Senior Software Engineer,communication,54,159,33.9622641509434,Common
20127,Senior Software Engineer,python,54,159,33.9622641509434,Common
20128,Senior Software Engineer,sql,49,159,30.81761006289308,Common
20129,Senior Software Engineer,react,46,159,28.930817610062892,Common
20130,Senior Software Engineer,typescript,40,159,25.157232704402517,Common
20131,Senior Software Engineer,git,34,159,21.38364779874214,Common
20132,Senior Software Engineer,html,31,159,19.49685534591195,Supporting
20133,Senior Software Engineer,collaboration,30,159,18.867924528301888,Supporting
20134,Senior Software Engineer,css,30,159,18.867924528301888,Supporting
20135,Senior Software Engineer,ci/cd,30,159,18.867924528301888,Supporting
20136,Senior Software Engineer,docker,30,159,18.867924528301888,Supporting
20137,Senior Software Engineer,kubernetes,30,159,18.867924528301888,Supporting
20138,Senior Software Engineer,angular,26,159,16.352201257861633,Supporting
20139,Senior Software Engineer,design patterns,25,159,15.723270440251572,Supporting
20140,Senior Software Engineer,scrum,23,159,14.465408805031446,Supporting
20141,Senior Software Engineer,leadership,22,159,13.836477987421384,Supporting
20142,Senior Software Engineer,microservices,22,159,13.836477987421384,Supporting
20143,Senior Software Engineer,go,22,159,13.836477987421384,Supporting
20144,Senior Software Engineer,postgresql,20,159,12.578616352201259,Supporting
20145,Senior Software Engineer,mysql,19,159,11.949685534591195,Supporting
20146,Senior Software Engineer,linux,18,159,11.320754716981133,Supporting
20147,Senior Software Engineer,node.js,16,159,10.062893081761008,Supporting
20148,Senior Software Engineer,mentoring,16,159,10.062893081761008,Supporting
20149,Senior Software Engineer,problem solving,15,159,9.433962264150944,Supporting
20150,Senior Software Engineer,jenkins,14,159,8.80503144654088,Supporting
20151,Senior Software Engineer,spring boot,14,159,8.80503144654088,Supporting
20152,Senior Software Engineer,kafka,13,159,8.176100628930817,Supporting
20153,Senior Software Engineer,oracle,12,159,7.547169811320755,Supporting
20154,Senior Software Engineer,unit testing,11,159,6.918238993710692,Supporting
20155,Senior Software Engineer,mongodb,11,159,6.918238993710692,Supporting
20156,Senior Software Engineer,ruby,10,159,6.289308176100629,Supporting
20157,Senior Software Engineer,scala,9,159,5.660377358490567,Supporting
20158,Senior Software Engineer,unix,9,159,5.660377358490567,Supporting
20159,Senior Software Engineer,integration testing,9,159,5.660377358490567,Supporting
20160,Senior Software Engineer,terraform,9,159,5.660377358490567,Supporting
20161,Senior Software Engineer,github,9,159,5.660377358490567,Supporting
20162,Senior Software Engineer,object-oriented programming,8,159,5.031446540880504,Supporting
20163,Senior Software Engineer,product management,8,159,5.031446540880504,Supporting
20164,Senior Software Engineer,microsoft azure,8,159,5.031446540880504,Supporting
20165,Senior Software Engineer,apache,8,159,5.031446540880504,Supporting
20166,Senior Software Engineer,jquery,8,159,5.031446540880504,Supporting
20167,Senior Software Engineer,machine learning,8,159,5.031446540880504,Supporting
20168,Senior Software Engineer,redux,7,159,4.40251572327044,Rare
20169,Senior Software Engineer,redis,7,159,4.40251572327044,Rare
20170,Senior Software Engineer,express.js,7,159,4.40251572327044,Rare
20171,Senior Software Engineer,teamwork,7,159,4.40251572327044,Rare
20172,Senior Software Engineer,bootstrap,7,159,4.40251572327044,Rare
20173,Senior Software Engineer,microservices architecture,6,159,3.7735849056603774,Rare
20174,Senior Software Engineer,r,6,159,3.7735849056603774,Rare
20175,Senior Software Engineer,soap,6,159,3.7735849056603774,Rare
20176,Senior Software Engineer,asp.net,6,159,3.7735849056603774,Rare
20177,Senior Software Engineer,system design,6,159,3.7735849056603774,Rare
20178,Senior Software Engineer,django,6,159,3.7735849056603774,Rare
20179,Senior Software Engineer,php,6,159,3.7735849056603774,Rare
20180,Senior Software Engineer,less,6,159,3.7735849056603774,Rare
20181,Senior Software Engineer,windows,6,159,3.7735849056603774,Rare
20182,Senior Software Engineer,test-driven development,5,159,3.1446540880503147,Rare
20183,Senior Software Engineer,prototyping,5,159,3.1446540880503147,Rare
20184,Senior Software Engineer,jira,5,159,3.1446540880503147,Rare
20185,Senior Software Engineer,infrastructure as code,5,159,3.1446540880503147,Rare
20186,Senior Software Engineer,vue.js,5,159,3.1446540880503147,Rare
20187,Senior Software Engineer,selenium,4,159,2.515723270440252,Rare
20188,Senior Software Engineer,webpack,4,159,2.515723270440252,Rare
20189,Senior Software Engineer,laravel,4,159,2.515723270440252,Rare
20190,Senior Software Engineer,gitlab,4,159,2.515723270440252,Rare
20191,Senior Software Engineer,tensorflow,4,159,2.515723270440252,Rare
20192,Senior Software Engineer,deep learning,4,159,2.515723270440252,Rare
20193,Senior Software Engineer,feature engineering,4,159,2.515723270440252,Rare
20194,Senior Software Engineer,pytorch,4,159,2.515723270440252,Rare
20195,Senior Software Engineer,artificial intelligence,4,159,2.515723270440252,Rare
20196,Senior Software Engineer,data pipelines,4,159,2.515723270440252,Rare
20197,Senior Software Engineer,excel,4,159,2.515723270440252,Rare
20198,Senior Software Engineer,confluence,4,159,2.515723270440252,Rare
20199,Senior Software Engineer,rest api,4,159,2.515723270440252,Rare
20200,Senior Software Engineer,dynamodb,4,159,2.515723270440252,Rare
20201,Senior Software Engineer,salesforce,3,159,1.8867924528301887,Rare
20202,Senior Software Engineer,kotlin,3,159,1.8867924528301887,Rare
20203,Senior Software Engineer,cassandra,3,159,1.8867924528301887,Rare
20204,Senior Software Engineer,graphql,3,159,1.8867924528301887,Rare
20205,Senior Software Engineer,junit,3,159,1.8867924528301887,Rare
20206,Senior Software Engineer,cypress,3,159,1.8867924528301887,Rare
20207,Senior Software Engineer,fastapi,3,159,1.8867924528301887,Rare
20208,Senior Software Engineer,sqlite,3,159,1.8867924528301887,Rare
20209,Senior Software Engineer,chef,3,159,1.8867924528301887,Rare
20210,Senior Software Engineer,scikit-learn,3,159,1.8867924528301887,Rare
20211,Senior Software Engineer,tableau,3,159,1.8867924528301887,Rare
20212,Senior Software Engineer,flink,3,159,1.8867924528301887,Rare
20213,Senior Software Engineer,tcp/ip,3,159,1.8867924528301887,Rare
20214,Senior Software Engineer,rtos,3,159,1.8867924528301887,Rare
20215,Senior Software Engineer,sass,3,159,1.8867924528301887,Rare
20216,Senior Software Engineer,airflow,3,159,1.8867924528301887,Rare
20217,Senior Software Engineer,shell scripting,3,159,1.8867924528301887,Rare
20218,Senior Software Engineer,bash,3,159,1.8867924528301887,Rare
20219,Senior Software Engineer,c++,3,159,1.8867924528301887,Rare
20220,Senior Software Engineer,kanban,3,159,1.8867924528301887,Rare
20221,Senior Software Engineer,grpc,3,159,1.8867924528301887,Rare
20222,Senior Software Engineer,opencv,3,159,1.8867924528301887,Rare
20223,Senior Software Engineer,bigquery,3,159,1.8867924528301887,Rare
20224,Senior Software Engineer,figma,2,159,1.257861635220126,Rare
20225,Senior Software Engineer,risk management,2,159,1.257861635220126,Rare
20226,Senior Software Engineer,hadoop,2,159,1.257861635220126,Rare
20227,Senior Software Engineer,elasticsearch,2,159,1.257861635220126,Rare
20228,Senior Software Engineer,nginx,2,159,1.257861635220126,Rare
20229,Senior Software Engineer,red hat,2,159,1.257861635220126,Rare
20230,Senior Software Engineer,react native,2,159,1.257861635220126,Rare
20231,Senior Software Engineer,ansible,2,159,1.257861635220126,Rare
20232,Senior Software Engineer,grafana,2,159,1.257861635220126,Rare
20233,Senior Software Engineer,powershell,2,159,1.257861635220126,Rare
20234,Senior Software Engineer,swift,2,159,1.257861635220126,Rare
20235,Senior Software Engineer,data visualization,2,159,1.257861635220126,Rare
20236,Senior Software Engineer,ruby on rails,2,159,1.257861635220126,Rare
20237,Senior Software Engineer,power bi,2,159,1.257861635220126,Rare
20238,Senior Software Engineer,etl,2,159,1.257861635220126,Rare
20239,Senior Software Engineer,encryption,2,159,1.257861635220126,Rare
20240,Senior Software Engineer,next.js,2,159,1.257861635220126,Rare
20241,Senior Software Engineer,ubuntu,2,159,1.257861635220126,Rare
20242,Senior Software Engineer,waterfall,2,159,1.257861635220126,Rare
20243,Senior Software Engineer,ionic,2,159,1.257861635220126,Rare
20244,Senior Software Engineer,rust,2,159,1.257861635220126,Rare
20245,Senior Software Engineer,c#,2,159,1.257861635220126,Rare
20246,Senior Software Engineer,computer vision,2,159,1.257861635220126,Rare
20247,Senior Software Engineer,vpn,2,159,1.257861635220126,Rare
20248,Senior Software Engineer,amazon web services,2,159,1.257861635220126,Rare
20249,Senior Software Engineer,decision making,2,159,1.257861635220126,Rare
20250,Senior Software Engineer,svn,2,159,1.257861635220126,Rare
20251,Senior Software Engineer,presentation skills,2,159,1.257861635220126,Rare
20252,Senior Software Engineer,heroku,1,159,0.628930817610063,Rare
20253,Senior Software Engineer,flask,1,159,0.628930817610063,Rare
20254,Senior Software Engineer,wireframing,1,159,0.628930817610063,Rare
20255,Senior Software Engineer,sketch,1,159,0.628930817610063,Rare
20256,Senior Software Engineer,adobe xd,1,159,0.628930817610063,Rare
20257,Senior Software Engineer,android development,1,159,0.628930817610063,Rare
20258,Senior Software Engineer,gitlab ci/cd,1,159,0.628930817610063,Rare
20259,Senior Software Engineer,puppet,1,159,0.628930817610063,Rare
20260,Senior Software Engineer,prometheus,1,159,0.628930817610063,Rare
20261,Senior Software Engineer,ios development,1,159,0.628930817610063,Rare
20262,Senior Software Engineer,seaborn,1,159,0.628930817610063,Rare
20263,Senior Software Engineer,matplotlib,1,159,0.628930817610063,Rare
20264,Senior Software Engineer,postman,1,159,0.628930817610063,Rare
20265,Senior Software Engineer,time management,1,159,0.628930817610063,Rare
20266,Senior Software Engineer,github actions,1,159,0.628930817610063,Rare
20267,Senior Software Engineer,google cloud platform,1,159,0.628930817610063,Rare
20268,Senior Software Engineer,nestjs,1,159,0.628930817610063,Rare
20269,Senior Software Engineer,flutter,1,159,0.628930817610063,Rare
20270,Senior Software Engineer,svelte,1,159,0.628930817610063,Rare
20271,Senior Software Engineer,microcontrollers,1,159,0.628930817610063,Rare
20272,Senior Software Engineer,bitbucket,1,159,0.628930817610063,Rare
20273,Senior Software Engineer,iot,1,159,0.628930817610063,Rare
20274,Senior Software Engineer,slack,1,159,0.628930817610063,Rare
20275,Senior Software Engineer,adaptability,1,159,0.628930817610063,Rare
20276,Senior Software Engineer,dns,1,159,0.628930817610063,Rare
20277,Senior Software Engineer,directx,1,159,0.628930817610063,Rare
20278,Senior Software Engineer,objective-c,1,159,0.628930817610063,Rare
20279,Senior Software Engineer,unity,1,159,0.628930817610063,Rare
20280,Senior Software Engineer,owasp,1,159,0.628930817610063,Rare
20281,Senior Software Engineer,apache spark,1,159,0.628930817610063,Rare
20282,Senior Software Engineer,data structures and algorithms,1,159,0.628930817610063,Rare
20283,Senior Software Engineer,oracle cloud,1,159,0.628930817610063,Rare
20284,Senior Software Engineer,microsoft sql server,1,159,0.628930817610063,Rare
20285,Senior Software Engineer,data warehousing,1,159,0.628930817610063,Rare
21028,"Senior Software Engineer, Back End",mentoring,5,5,100.0,Core
21029,"Senior Software Engineer, Back End",python,5,5,100.0,Core
21030,"Senior Software Engineer, Back End",scala,5,5,100.0,Core
21031,"Senior Software Engineer, Back End",sql,5,5,100.0,Core
21032,"Senior Software Engineer, Back End",node.js,5,5,100.0,Core
21033,"Senior Software Engineer, Back End",docker,5,5,100.0,Core
21034,"Senior Software Engineer, Back End",java,5,5,100.0,Core
21035,"Senior Software Engineer, Back End",agile,5,5,100.0,Core
21036,"Senior Software Engineer, Back End",kubernetes,5,5,100.0,Core
21037,"Senior Software Engineer, Back End",go,5,5,100.0,Core
21038,"Senior Software Engineer, Back End (GoLang)",mentoring,5,5,100.0,Core
21039,"Senior Software Engineer, Back End (GoLang)",python,5,5,100.0,Core
21040,"Senior Software Engineer, Back End (GoLang)",dynamodb,5,5,100.0,Core
21041,"Senior Software Engineer, Back End (GoLang)",kafka,5,5,100.0,Core
21042,"Senior Software Engineer, Back End (GoLang)",scala,5,5,100.0,Core
21043,"Senior Software Engineer, Back End (GoLang)",sql,5,5,100.0,Core
21044,"Senior Software Engineer, Back End (GoLang)",docker,5,5,100.0,Core
21045,"Senior Software Engineer, Back End (GoLang)",java,5,5,100.0,Core
21046,"Senior Software Engineer, Back End (GoLang)",agile,5,5,100.0,Core
21047,"Senior Software Engineer, Back End (GoLang)",kubernetes,5,5,100.0,Core
21048,"Senior Software Engineer, Back End (GoLang)",go,5,5,100.0,Core
21049,"Senior Software Engineer, Back End (GoLang)",node.js,4,5,80.0,Core
21095,"Senior Software Engineer, Cash Commerce",communication,6,6,100.0,Core
21096,"Senior Software Engineer, Cash Commerce",c,6,6,100.0,Core
21097,"Senior Software Engineer, Cash Commerce",collaboration,6,6,100.0,Core
21098,"Senior Software Engineer, Cash Commerce",prometheus,6,6,100.0,Core
21099,"Senior Software Engineer, Cash Commerce",java,6,6,100.0,Core
21100,"Senior Software Engineer, Cash Commerce",data visualization,6,6,100.0,Core
21101,"Senior Software Engineer, Cash Commerce",go,6,6,100.0,Core
21206,"Senior Software Engineer, Full Stack (Java, AWS)",microservices,7,7,100.0,Core
21207,"Senior Software Engineer, Full Stack (Java, AWS)",mentoring,7,7,100.0,Core
21208,"Senior Software Engineer, Full Stack (Java, AWS)",python,7,7,100.0,Core
21209,"Senior Software Engineer, Full Stack (Java, AWS)",javascript,7,7,100.0,Core
21210,"Senior Software Engineer, Full Stack (Java, AWS)",typescript,7,7,100.0,Core
21211,"Senior Software Engineer, Full Stack (Java, AWS)",html,7,7,100.0,Core
21212,"Senior Software Engineer, Full Stack (Java, AWS)",collaboration,7,7,100.0,Core
21213,"Senior Software Engineer, Full Stack (Java, AWS)",sql,7,7,100.0,Core
21214,"Senior Software Engineer, Full Stack (Java, AWS)",css,7,7,100.0,Core
21215,"Senior Software Engineer, Full Stack (Java, AWS)",angular,7,7,100.0,Core
21216,"Senior Software Engineer, Full Stack (Java, AWS)",docker,7,7,100.0,Core
21217,"Senior Software Engineer, Full Stack (Java, AWS)",java,7,7,100.0,Core
21218,"Senior Software Engineer, Full Stack (Java, AWS)",agile,7,7,100.0,Core
21219,"Senior Software Engineer, Full Stack (Java, AWS)",kubernetes,7,7,100.0,Core
21220,"Senior Software Engineer, Full Stack (Java, AWS)",go,7,7,100.0,Core
21221,"Senior Software Engineer, Full Stack (Java, AWS)",microsoft azure,7,7,100.0,Core
21467,Senior Solutions Architect,communication,6,9,66.66666666666666,Core
21468,Senior Solutions Architect,agile,3,9,33.33333333333333,Common
21469,Senior Solutions Architect,collaboration,3,9,33.33333333333333,Common
21470,Senior Solutions Architect,windows,3,9,33.33333333333333,Common
21471,Senior Solutions Architect,leadership,3,9,33.33333333333333,Common
21472,Senior Solutions Architect,scrum,2,9,22.22222222222222,Common
21473,Senior Solutions Architect,linux,2,9,22.22222222222222,Common
21474,Senior Solutions Architect,java,2,9,22.22222222222222,Common
21475,Senior Solutions Architect,javascript,2,9,22.22222222222222,Common
21476,Senior Solutions Architect,excel,2,9,22.22222222222222,Common
21477,Senior Solutions Architect,python,2,9,22.22222222222222,Common
21478,Senior Solutions Architect,machine learning,2,9,22.22222222222222,Common
21479,Senior Solutions Architect,ci/cd,2,9,22.22222222222222,Common
21480,Senior Solutions Architect,time management,2,9,22.22222222222222,Common
21481,Senior Solutions Architect,presentation skills,2,9,22.22222222222222,Common
21482,Senior Solutions Architect,sql,2,9,22.22222222222222,Common
21483,Senior Solutions Architect,c,2,9,22.22222222222222,Common
21484,Senior Solutions Architect,go,1,9,11.11111111111111,Supporting
21485,Senior Solutions Architect,kafka,1,9,11.11111111111111,Supporting
21486,Senior Solutions Architect,spring boot,1,9,11.11111111111111,Supporting
21487,Senior Solutions Architect,swift,1,9,11.11111111111111,Supporting
21488,Senior Solutions Architect,soap,1,9,11.11111111111111,Supporting
21489,Senior Solutions Architect,unix,1,9,11.11111111111111,Supporting
21490,Senior Solutions Architect,terraform,1,9,11.11111111111111,Supporting
21491,Senior Solutions Architect,infrastructure as code,1,9,11.11111111111111,Supporting
21492,Senior Solutions Architect,bash,1,9,11.11111111111111,Supporting
21493,Senior Solutions Architect,microsoft azure,1,9,11.11111111111111,Supporting
21494,Senior Solutions Architect,data pipelines,1,9,11.11111111111111,Supporting
21495,Senior Solutions Architect,jenkins,1,9,11.11111111111111,Supporting
21496,Senior Solutions Architect,artificial intelligence,1,9,11.11111111111111,Supporting
21497,Senior Solutions Architect,slack,1,9,11.11111111111111,Supporting
21498,Senior Solutions Architect,github,1,9,11.11111111111111,Supporting
21499,Senior Solutions Architect,gitlab,1,9,11.11111111111111,Supporting
21500,Senior Solutions Architect,powershell,1,9,11.11111111111111,Supporting
21501,Senior Solutions Architect,ansible,1,9,11.11111111111111,Supporting
21502,Senior Solutions Architect,risk management,1,9,11.11111111111111,Supporting
21503,Senior Solutions Architect,firewalls,1,9,11.11111111111111,Supporting
21504,Senior Solutions Architect,load testing,1,9,11.11111111111111,Supporting
21505,Senior Solutions Architect,less,1,9,11.11111111111111,Supporting
21506,Senior Solutions Architect,scala,1,9,11.11111111111111,Supporting
21507,Senior Solutions Architect,r,1,9,11.11111111111111,Supporting
21508,Senior Solutions Architect,power bi,1,9,11.11111111111111,Supporting
21509,Senior Solutions Architect,tableau,1,9,11.11111111111111,Supporting
21510,Senior Solutions Architect,microservices,1,9,11.11111111111111,Supporting
21690,Senior Systems Engineer,communication,8,10,80.0,Core
21691,Senior Systems Engineer,linux,7,10,70.0,Core
21692,Senior Systems Engineer,python,6,10,60.0,Core
21693,Senior Systems Engineer,system design,5,10,50.0,Core
21694,Senior Systems Engineer,leadership,5,10,50.0,Core
21695,Senior Systems Engineer,windows,4,10,40.0,Common
21696,Senior Systems Engineer,agile,4,10,40.0,Common
21697,Senior Systems Engineer,problem solving,3,10,30.0,Common
21698,Senior Systems Engineer,scrum,3,10,30.0,Common
21699,Senior Systems Engineer,c,3,10,30.0,Common
21700,Senior Systems Engineer,collaboration,3,10,30.0,Common
21701,Senior Systems Engineer,unix,2,10,20.0,Common
21702,Senior Systems Engineer,red hat,2,10,20.0,Common
21703,Senior Systems Engineer,kanban,2,10,20.0,Common
21704,Senior Systems Engineer,java,2,10,20.0,Common
21705,Senior Systems Engineer,php,2,10,20.0,Common
21706,Senior Systems Engineer,firewalls,2,10,20.0,Common
21707,Senior Systems Engineer,go,2,10,20.0,Common
21708,Senior Systems Engineer,mentoring,2,10,20.0,Common
21709,Senior Systems Engineer,matlab,2,10,20.0,Common
21710,Senior Systems Engineer,ansible,2,10,20.0,Common
21711,Senior Systems Engineer,docker,2,10,20.0,Common
21712,Senior Systems Engineer,six sigma,1,10,10.0,Supporting
21713,Senior Systems Engineer,risk management,1,10,10.0,Supporting
21714,Senior Systems Engineer,vpn,1,10,10.0,Supporting
21715,Senior Systems Engineer,powershell,1,10,10.0,Supporting
21716,Senior Systems Engineer,less,1,10,10.0,Supporting
21717,Senior Systems Engineer,bash,1,10,10.0,Supporting
21718,Senior Systems Engineer,product management,1,10,10.0,Supporting
21719,Senior Systems Engineer,terraform,1,10,10.0,Supporting
21720,Senior Systems Engineer,infrastructure as code,1,10,10.0,Supporting
21721,Senior Systems Engineer,tcp/ip,1,10,10.0,Supporting
21722,Senior Systems Engineer,puppet,1,10,10.0,Supporting
21723,Senior Systems Engineer,chef,1,10,10.0,Supporting
21724,Senior Systems Engineer,kubernetes,1,10,10.0,Supporting
21725,Senior Systems Engineer,ubuntu,1,10,10.0,Supporting
21726,Senior Systems Engineer,microsoft azure,1,10,10.0,Supporting
21727,Senior Systems Engineer,git,1,10,10.0,Supporting
21728,Senior Systems Engineer,integration testing,1,10,10.0,Supporting
21729,Senior Systems Engineer,jira,1,10,10.0,Supporting
21730,Senior Systems Engineer,perl,1,10,10.0,Supporting
21800,Senior Technical Product Manager,product management,4,5,80.0,Core
21801,Senior Technical Product Manager,jira,3,5,60.0,Core
21802,Senior Technical Product Manager,confluence,3,5,60.0,Core
21803,Senior Technical Product Manager,agile,3,5,60.0,Core
21804,Senior Technical Product Manager,scrum,2,5,40.0,Common
21805,Senior Technical Product Manager,communication,2,5,40.0,Common
21806,Senior Technical Product Manager,collaboration,2,5,40.0,Common
21807,Senior Technical Product Manager,less,1,5,20.0,Common
21808,Senior Technical Product Manager,excel,1,5,20.0,Common
21809,Senior Technical Product Manager,kafka,1,5,20.0,Common
21810,Senior Technical Product Manager,redis,1,5,20.0,Common
21811,Senior Technical Product Manager,teamwork,1,5,20.0,Common
21872,Senior Test Engineer,communication,4,5,80.0,Core
21873,Senior Test Engineer,problem solving,2,5,40.0,Common
21874,Senior Test Engineer,assembly,2,5,40.0,Common
21875,Senior Test Engineer,sql,2,5,40.0,Common
21876,Senior Test Engineer,3d modeling,1,5,20.0,Common
21877,Senior Test Engineer,teamwork,1,5,20.0,Common
21878,Senior Test Engineer,matlab,1,5,20.0,Common
21879,Senior Test Engineer,visual basic,1,5,20.0,Common
21880,Senior Test Engineer,c,1,5,20.0,Common
21881,Senior Test Engineer,six sigma,1,5,20.0,Common
22087,Site Reliability Engineer,python,18,28,64.28571428571429,Core
22088,Site Reliability Engineer,ansible,15,28,53.57142857142857,Core
22089,Site Reliability Engineer,kubernetes,15,28,53.57142857142857,Core
22090,Site Reliability Engineer,linux,15,28,53.57142857142857,Core
22091,Site Reliability Engineer,terraform,13,28,46.42857142857143,Common
22092,Site Reliability Engineer,java,9,28,32.142857142857146,Common
22093,Site Reliability Engineer,agile,9,28,32.142857142857146,Common
22094,Site Reliability Engineer,jenkins,9,28,32.142857142857146,Common
22095,Site Reliability Engineer,sql,9,28,32.142857142857146,Common
22096,Site Reliability Engineer,docker,8,28,28.57142857142857,Common
22097,Site Reliability Engineer,communication,8,28,28.57142857142857,Common
22098,Site Reliability Engineer,collaboration,7,28,25.0,Common
22099,Site Reliability Engineer,prometheus,7,28,25.0,Common
22100,Site Reliability Engineer,git,6,28,21.428571428571427,Common
22101,Site Reliability Engineer,puppet,6,28,21.428571428571427,Common
22102,Site Reliability Engineer,kafka,6,28,21.428571428571427,Common
22103,Site Reliability Engineer,ci/cd,5,28,17.857142857142858,Supporting
22104,Site Reliability Engineer,bash,5,28,17.857142857142858,Supporting
22105,Site Reliability Engineer,infrastructure as code,5,28,17.857142857142858,Supporting
22106,Site Reliability Engineer,shell scripting,5,28,17.857142857142858,Supporting
22107,Site Reliability Engineer,grafana,5,28,17.857142857142858,Supporting
22108,Site Reliability Engineer,gitlab,4,28,14.285714285714285,Supporting
22109,Site Reliability Engineer,unix,4,28,14.285714285714285,Supporting
22110,Site Reliability Engineer,oracle,4,28,14.285714285714285,Supporting
22111,Site Reliability Engineer,redis,4,28,14.285714285714285,Supporting
22112,Site Reliability Engineer,go,3,28,10.714285714285714,Supporting
22113,Site Reliability Engineer,leadership,3,28,10.714285714285714,Supporting
22114,Site Reliability Engineer,javascript,3,28,10.714285714285714,Supporting
22115,Site Reliability Engineer,bitbucket,3,28,10.714285714285714,Supporting
22116,Site Reliability Engineer,soap,3,28,10.714285714285714,Supporting
22117,Site Reliability Engineer,mongodb,3,28,10.714285714285714,Supporting
22118,Site Reliability Engineer,spring boot,3,28,10.714285714285714,Supporting
22119,Site Reliability Engineer,react,3,28,10.714285714285714,Supporting
22120,Site Reliability Engineer,angular,3,28,10.714285714285714,Supporting
22121,Site Reliability Engineer,windows,3,28,10.714285714285714,Supporting
22122,Site Reliability Engineer,r,3,28,10.714285714285714,Supporting
22123,Site Reliability Engineer,powershell,2,28,7.142857142857142,Supporting
22124,Site Reliability Engineer,typescript,2,28,7.142857142857142,Supporting
22125,Site Reliability Engineer,problem solving,2,28,7.142857142857142,Supporting
22126,Site Reliability Engineer,perl,2,28,7.142857142857142,Supporting
22127,Site Reliability Engineer,chef,2,28,7.142857142857142,Supporting
22128,Site Reliability Engineer,microsoft azure,2,28,7.142857142857142,Supporting
22129,Site Reliability Engineer,load testing,1,28,3.571428571428571,Rare
22130,Site Reliability Engineer,teamwork,1,28,3.571428571428571,Rare
22131,Site Reliability Engineer,firebase,1,28,3.571428571428571,Rare
22132,Site Reliability Engineer,amazon web services,1,28,3.571428571428571,Rare
22133,Site Reliability Engineer,swift,1,28,3.571428571428571,Rare
22134,Site Reliability Engineer,mentoring,1,28,3.571428571428571,Rare
22135,Site Reliability Engineer,slack,1,28,3.571428571428571,Rare
22136,Site Reliability Engineer,github actions,1,28,3.571428571428571,Rare
22137,Site Reliability Engineer,github,1,28,3.571428571428571,Rare
22138,Site Reliability Engineer,load balancing,1,28,3.571428571428571,Rare
22139,Site Reliability Engineer,firewalls,1,28,3.571428571428571,Rare
22140,Site Reliability Engineer,dns,1,28,3.571428571428571,Rare
22141,Site Reliability Engineer,jira,1,28,3.571428571428571,Rare
22142,Site Reliability Engineer,postman,1,28,3.571428571428571,Rare
22143,Site Reliability Engineer,design patterns,1,28,3.571428571428571,Rare
22144,Site Reliability Engineer,elasticsearch,1,28,3.571428571428571,Rare
22145,Site Reliability Engineer,less,1,28,3.571428571428571,Rare
22146,Site Reliability Engineer,ruby,1,28,3.571428571428571,Rare
22147,Site Reliability Engineer,tcp/ip,1,28,3.571428571428571,Rare
22148,Site Reliability Engineer,red hat,1,28,3.571428571428571,Rare
22149,Site Reliability Engineer,ubuntu,1,28,3.571428571428571,Rare
22150,Site Reliability Engineer,mysql,1,28,3.571428571428571,Rare
22151,Site Reliability Engineer,adaptability,1,28,3.571428571428571,Rare
22152,Site Reliability Engineer,ux research,1,28,3.571428571428571,Rare
22153,Site Reliability Engineer,scrum,1,28,3.571428571428571,Rare
22154,Site Reliability Engineer,sap,1,28,3.571428571428571,Rare
22155,Site Reliability Engineer,scala,1,28,3.571428571428571,Rare
22156,Site Reliability Engineer,six sigma,1,28,3.571428571428571,Rare
22157,Site Reliability Engineer,dbt,1,28,3.571428571428571,Rare
22158,Site Reliability Engineer,hadoop,1,28,3.571428571428571,Rare
22159,Site Reliability Engineer,data warehousing,1,28,3.571428571428571,Rare
22160,Site Reliability Engineer,tableau,1,28,3.571428571428571,Rare
22161,Site Reliability Engineer,snowflake,1,28,3.571428571428571,Rare
22162,Site Reliability Engineer,oracle cloud,1,28,3.571428571428571,Rare
22471,Software Developer,javascript,48,59,81.35593220338984,Core
22472,Software Developer,c,48,59,81.35593220338984,Core
22473,Software Developer,python,47,59,79.66101694915254,Core
22474,Software Developer,sql,46,59,77.96610169491525,Core
22475,Software Developer,html,42,59,71.1864406779661,Core
22476,Software Developer,java,9,59,15.254237288135593,Supporting
22477,Software Developer,agile,6,59,10.16949152542373,Supporting
22478,Software Developer,communication,6,59,10.16949152542373,Supporting
22479,Software Developer,linux,5,59,8.47457627118644,Supporting
22480,Software Developer,collaboration,4,59,6.779661016949152,Supporting
22481,Software Developer,windows,4,59,6.779661016949152,Supporting
22482,Software Developer,angular,3,59,5.084745762711865,Supporting
22483,Software Developer,r,3,59,5.084745762711865,Supporting
22484,Software Developer,time management,3,59,5.084745762711865,Supporting
22485,Software Developer,microservices,3,59,5.084745762711865,Supporting
22486,Software Developer,go,3,59,5.084745762711865,Supporting
22487,Software Developer,typescript,3,59,5.084745762711865,Supporting
22488,Software Developer,microsoft sql server,3,59,5.084745762711865,Supporting
22489,Software Developer,css,2,59,3.389830508474576,Rare
22490,Software Developer,mentoring,2,59,3.389830508474576,Rare
22491,Software Developer,bash,2,59,3.389830508474576,Rare
22492,Software Developer,design patterns,2,59,3.389830508474576,Rare
22493,Software Developer,unix,2,59,3.389830508474576,Rare
22494,Software Developer,oracle,2,59,3.389830508474576,Rare
22495,Software Developer,docker,2,59,3.389830508474576,Rare
22496,Software Developer,teamwork,2,59,3.389830508474576,Rare
22497,Software Developer,android development,1,59,1.694915254237288,Rare
22498,Software Developer,kotlin,1,59,1.694915254237288,Rare
22499,Software Developer,sqlite,1,59,1.694915254237288,Rare
22500,Software Developer,excel,1,59,1.694915254237288,Rare
22501,Software Developer,encryption,1,59,1.694915254237288,Rare
22502,Software Developer,ci/cd,1,59,1.694915254237288,Rare
22503,Software Developer,fastapi,1,59,1.694915254237288,Rare
22504,Software Developer,network security,1,59,1.694915254237288,Rare
22505,Software Developer,postgresql,1,59,1.694915254237288,Rare
22506,Software Developer,c#,1,59,1.694915254237288,Rare
22507,Software Developer,svelte,1,59,1.694915254237288,Rare
22508,Software Developer,iot,1,59,1.694915254237288,Rare
22509,Software Developer,macos,1,59,1.694915254237288,Rare
22510,Software Developer,node.js,1,59,1.694915254237288,Rare
22511,Software Developer,system design,1,59,1.694915254237288,Rare
22512,Software Developer,object-oriented programming,1,59,1.694915254237288,Rare
22513,Software Developer,opengl,1,59,1.694915254237288,Rare
22514,Software Developer,rest api,1,59,1.694915254237288,Rare
22515,Software Developer,kafka,1,59,1.694915254237288,Rare
22516,Software Developer,spring boot,1,59,1.694915254237288,Rare
22517,Software Developer,confluence,1,59,1.694915254237288,Rare
22518,Software Developer,presentation skills,1,59,1.694915254237288,Rare
22519,Software Developer,data pipelines,1,59,1.694915254237288,Rare
22520,Software Developer,unit testing,1,59,1.694915254237288,Rare
22521,Software Developer,hadoop,1,59,1.694915254237288,Rare
22522,Software Developer,etl,1,59,1.694915254237288,Rare
22523,Software Developer,jquery,1,59,1.694915254237288,Rare
22524,Software Developer,bootstrap,1,59,1.694915254237288,Rare
22525,Software Developer,react,1,59,1.694915254237288,Rare
22526,Software Developer,less,1,59,1.694915254237288,Rare
22527,Software Developer,kubernetes,1,59,1.694915254237288,Rare
22747,Software Development Engineer,agile,7,12,58.333333333333336,Core
22748,Software Development Engineer,c,7,12,58.333333333333336,Core
22749,Software Development Engineer,communication,6,12,50.0,Core
22750,Software Development Engineer,python,6,12,50.0,Core
22751,Software Development Engineer,java,5,12,41.66666666666667,Common
22752,Software Development Engineer,javascript,4,12,33.33333333333333,Common
22753,Software Development Engineer,iot,3,12,25.0,Common
22754,Software Development Engineer,machine learning,3,12,25.0,Common
22755,Software Development Engineer,react,3,12,25.0,Common
22756,Software Development Engineer,docker,3,12,25.0,Common
22757,Software Development Engineer,kubernetes,3,12,25.0,Common
22758,Software Development Engineer,html,3,12,25.0,Common
22759,Software Development Engineer,css,3,12,25.0,Common
22760,Software Development Engineer,git,2,12,16.666666666666664,Supporting
22761,Software Development Engineer,collaboration,2,12,16.666666666666664,Supporting
22762,Software Development Engineer,r,2,12,16.666666666666664,Supporting
22763,Software Development Engineer,mentoring,2,12,16.666666666666664,Supporting
22764,Software Development Engineer,node.js,2,12,16.666666666666664,Supporting
22765,Software Development Engineer,go,2,12,16.666666666666664,Supporting
22766,Software Development Engineer,github,2,12,16.666666666666664,Supporting
22767,Software Development Engineer,design patterns,2,12,16.666666666666664,Supporting
22768,Software Development Engineer,typescript,2,12,16.666666666666664,Supporting
22769,Software Development Engineer,product management,2,12,16.666666666666664,Supporting
22770,Software Development Engineer,linux,2,12,16.666666666666664,Supporting
22771,Software Development Engineer,integration testing,1,12,8.333333333333332,Supporting
22772,Software Development Engineer,critical thinking,1,12,8.333333333333332,Supporting
22773,Software Development Engineer,artificial intelligence,1,12,8.333333333333332,Supporting
22774,Software Development Engineer,unix,1,12,8.333333333333332,Supporting
22775,Software Development Engineer,c++,1,12,8.333333333333332,Supporting
22776,Software Development Engineer,kotlin,1,12,8.333333333333332,Supporting
22777,Software Development Engineer,next.js,1,12,8.333333333333332,Supporting
22778,Software Development Engineer,problem solving,1,12,8.333333333333332,Supporting
22779,Software Development Engineer,webpack,1,12,8.333333333333332,Supporting
22780,Software Development Engineer,photoshop,1,12,8.333333333333332,Supporting
22781,Software Development Engineer,assembly,1,12,8.333333333333332,Supporting
22782,Software Development Engineer,oracle,1,12,8.333333333333332,Supporting
22783,Software Development Engineer,scrum,1,12,8.333333333333332,Supporting
22784,Software Development Engineer,graphql,1,12,8.333333333333332,Supporting
22785,Software Development Engineer,jenkins,1,12,8.333333333333332,Supporting
22786,Software Development Engineer,terraform,1,12,8.333333333333332,Supporting
22787,Software Development Engineer,ansible,1,12,8.333333333333332,Supporting
22788,Software Development Engineer,ci/cd,1,12,8.333333333333332,Supporting
22789,Software Development Engineer,mongodb,1,12,8.333333333333332,Supporting
22790,Software Development Engineer,jquery,1,12,8.333333333333332,Supporting
22791,Software Development Engineer,mysql,1,12,8.333333333333332,Supporting
22792,Software Development Engineer,postgresql,1,12,8.333333333333332,Supporting
22933,"Software Development Engineer, AWS Marketplace",design patterns,5,5,100.0,Core
22934,"Software Development Engineer, AWS Marketplace",communication,5,5,100.0,Core
22935,"Software Development Engineer, AWS Marketplace",teamwork,5,5,100.0,Core
22936,"Software Development Engineer, AWS Marketplace",amazon web services,5,5,100.0,Core
22937,"Software Development Engineer, AWS Marketplace",iot,3,5,60.0,Core
22938,"Software Development Engineer, AWS Marketplace",collaboration,3,5,60.0,Core
22939,"Software Development Engineer, AWS Marketplace",machine learning,3,5,60.0,Core
23055,Software Engineer,c,90,177,50.847457627118644,Core
23056,Software Engineer,python,86,177,48.58757062146893,Common
23057,Software Engineer,sql,72,177,40.67796610169492,Common
23058,Software Engineer,javascript,64,177,36.15819209039548,Common
23059,Software Engineer,communication,63,177,35.59322033898305,Common
23060,Software Engineer,html,48,177,27.11864406779661,Common
23061,Software Engineer,java,48,177,27.11864406779661,Common
23062,Software Engineer,agile,47,177,26.55367231638418,Common
23063,Software Engineer,git,32,177,18.07909604519774,Supporting
23064,Software Engineer,react,32,177,18.07909604519774,Supporting
23065,Software Engineer,collaboration,22,177,12.429378531073446,Supporting
23066,Software Engineer,ci/cd,20,177,11.299435028248588,Supporting
23067,Software Engineer,linux,20,177,11.299435028248588,Supporting
23068,Software Engineer,css,17,177,9.6045197740113,Supporting
23069,Software Engineer,problem solving,17,177,9.6045197740113,Supporting
23070,Software Engineer,angular,16,177,9.03954802259887,Supporting
23071,Software Engineer,docker,16,177,9.03954802259887,Supporting
23072,Software Engineer,typescript,16,177,9.03954802259887,Supporting
23073,Software Engineer,oracle,16,177,9.03954802259887,Supporting
23074,Software Engineer,jenkins,15,177,8.47457627118644,Supporting
23075,Software Engineer,scrum,15,177,8.47457627118644,Supporting
23076,Software Engineer,kubernetes,14,177,7.909604519774012,Supporting
23077,Software Engineer,github,14,177,7.909604519774012,Supporting
23078,Software Engineer,unit testing,13,177,7.344632768361582,Supporting
23079,Software Engineer,design patterns,12,177,6.779661016949152,Supporting
23080,Software Engineer,kafka,12,177,6.779661016949152,Supporting
23081,Software Engineer,jira,11,177,6.214689265536723,Supporting
23082,Software Engineer,go,11,177,6.214689265536723,Supporting
23083,Software Engineer,integration testing,11,177,6.214689265536723,Supporting
23084,Software Engineer,leadership,11,177,6.214689265536723,Supporting
23085,Software Engineer,microservices,10,177,5.649717514124294,Supporting
23086,Software Engineer,mysql,9,177,5.084745762711865,Supporting
23087,Software Engineer,php,9,177,5.084745762711865,Supporting
23088,Software Engineer,object-oriented programming,9,177,5.084745762711865,Supporting
23089,Software Engineer,asp.net,9,177,5.084745762711865,Supporting
23090,Software Engineer,teamwork,9,177,5.084745762711865,Supporting
23091,Software Engineer,unix,9,177,5.084745762711865,Supporting
23092,Software Engineer,postgresql,9,177,5.084745762711865,Supporting
23093,Software Engineer,machine learning,8,177,4.519774011299435,Rare
23094,Software Engineer,windows,7,177,3.954802259887006,Rare
23095,Software Engineer,less,7,177,3.954802259887006,Rare
23096,Software Engineer,node.js,7,177,3.954802259887006,Rare
23097,Software Engineer,apache,7,177,3.954802259887006,Rare
23098,Software Engineer,terraform,6,177,3.389830508474576,Rare
23099,Software Engineer,mentoring,6,177,3.389830508474576,Rare
23100,Software Engineer,gitlab,6,177,3.389830508474576,Rare
23101,Software Engineer,junit,6,177,3.389830508474576,Rare
23102,Software Engineer,project planning,6,177,3.389830508474576,Rare
23103,Software Engineer,jquery,5,177,2.824858757062147,Rare
23104,Software Engineer,flask,5,177,2.824858757062147,Rare
23105,Software Engineer,bash,5,177,2.824858757062147,Rare
23106,Software Engineer,confluence,5,177,2.824858757062147,Rare
23107,Software Engineer,bitbucket,5,177,2.824858757062147,Rare
23108,Software Engineer,shell scripting,5,177,2.824858757062147,Rare
23109,Software Engineer,spring boot,5,177,2.824858757062147,Rare
23110,Software Engineer,redis,5,177,2.824858757062147,Rare
23111,Software Engineer,rest api,4,177,2.2598870056497176,Rare
23112,Software Engineer,bootstrap,4,177,2.2598870056497176,Rare
23113,Software Engineer,artificial intelligence,4,177,2.2598870056497176,Rare
23114,Software Engineer,etl,4,177,2.2598870056497176,Rare
23115,Software Engineer,amazon web services,4,177,2.2598870056497176,Rare
23116,Software Engineer,graphql,4,177,2.2598870056497176,Rare
23117,Software Engineer,mongodb,4,177,2.2598870056497176,Rare
23118,Software Engineer,tcp/ip,4,177,2.2598870056497176,Rare
23119,Software Engineer,soap,4,177,2.2598870056497176,Rare
23120,Software Engineer,svn,4,177,2.2598870056497176,Rare
23121,Software Engineer,kotlin,4,177,2.2598870056497176,Rare
23122,Software Engineer,redux,4,177,2.2598870056497176,Rare
23123,Software Engineer,postman,4,177,2.2598870056497176,Rare
23124,Software Engineer,hadoop,4,177,2.2598870056497176,Rare
23125,Software Engineer,critical thinking,4,177,2.2598870056497176,Rare
23126,Software Engineer,product management,4,177,2.2598870056497176,Rare
23127,Software Engineer,google cloud platform,3,177,1.694915254237288,Rare
23128,Software Engineer,ansible,3,177,1.694915254237288,Rare
23129,Software Engineer,system design,3,177,1.694915254237288,Rare
23130,Software Engineer,sass,3,177,1.694915254237288,Rare
23131,Software Engineer,c++,3,177,1.694915254237288,Rare
23132,Software Engineer,matlab,3,177,1.694915254237288,Rare
23133,Software Engineer,webpack,3,177,1.694915254237288,Rare
23134,Software Engineer,django,3,177,1.694915254237288,Rare
23135,Software Engineer,ruby,3,177,1.694915254237288,Rare
23136,Software Engineer,cassandra,3,177,1.694915254237288,Rare
23137,Software Engineer,powershell,3,177,1.694915254237288,Rare
23138,Software Engineer,test-driven development,3,177,1.694915254237288,Rare
23139,Software Engineer,c#,2,177,1.1299435028248588,Rare
23140,Software Engineer,kanban,2,177,1.1299435028248588,Rare
23141,Software Engineer,github actions,2,177,1.1299435028248588,Rare
23142,Software Engineer,visual basic,2,177,1.1299435028248588,Rare
23143,Software Engineer,rtos,2,177,1.1299435028248588,Rare
23144,Software Engineer,perl,2,177,1.1299435028248588,Rare
23145,Software Engineer,microsoft sql server,2,177,1.1299435028248588,Rare
23146,Software Engineer,risk management,2,177,1.1299435028248588,Rare
23147,Software Engineer,excel,2,177,1.1299435028248588,Rare
23148,Software Engineer,microsoft azure,2,177,1.1299435028248588,Rare
23149,Software Engineer,selenium,2,177,1.1299435028248588,Rare
23150,Software Engineer,dynamodb,2,177,1.1299435028248588,Rare
23151,Software Engineer,laravel,2,177,1.1299435028248588,Rare
23152,Software Engineer,ruby on rails,2,177,1.1299435028248588,Rare
23153,Software Engineer,tensorflow,2,177,1.1299435028248588,Rare
23154,Software Engineer,airflow,2,177,1.1299435028248588,Rare
23155,Software Engineer,deep learning,2,177,1.1299435028248588,Rare
23156,Software Engineer,mlops,2,177,1.1299435028248588,Rare
23157,Software Engineer,pytorch,2,177,1.1299435028248588,Rare
23158,Software Engineer,presentation skills,2,177,1.1299435028248588,Rare
23159,Software Engineer,xgboost,2,177,1.1299435028248588,Rare
23160,Software Engineer,scala,2,177,1.1299435028248588,Rare
23161,Software Engineer,apache spark,2,177,1.1299435028248588,Rare
23162,Software Engineer,network security,2,177,1.1299435028248588,Rare
23163,Software Engineer,r,2,177,1.1299435028248588,Rare
23164,Software Engineer,statistics,2,177,1.1299435028248588,Rare
23165,Software Engineer,grpc,2,177,1.1299435028248588,Rare
23166,Software Engineer,dns,2,177,1.1299435028248588,Rare
23167,Software Engineer,unity,2,177,1.1299435028248588,Rare
23168,Software Engineer,data visualization,2,177,1.1299435028248588,Rare
23169,Software Engineer,fastapi,2,177,1.1299435028248588,Rare
23170,Software Engineer,data structures and algorithms,1,177,0.5649717514124294,Rare
23171,Software Engineer,puppet,1,177,0.5649717514124294,Rare
23172,Software Engineer,prometheus,1,177,0.5649717514124294,Rare
23173,Software Engineer,grafana,1,177,0.5649717514124294,Rare
23174,Software Engineer,elasticsearch,1,177,0.5649717514124294,Rare
23175,Software Engineer,vue.js,1,177,0.5649717514124294,Rare
23176,Software Engineer,lua,1,177,0.5649717514124294,Rare
23177,Software Engineer,express.js,1,177,0.5649717514124294,Rare
23178,Software Engineer,opengl,1,177,0.5649717514124294,Rare
23179,Software Engineer,microservices architecture,1,177,0.5649717514124294,Rare
23180,Software Engineer,swift,1,177,0.5649717514124294,Rare
23181,Software Engineer,firebase,1,177,0.5649717514124294,Rare
23182,Software Engineer,salesforce,1,177,0.5649717514124294,Rare
23183,Software Engineer,vpn,1,177,0.5649717514124294,Rare
23184,Software Engineer,flink,1,177,0.5649717514124294,Rare
23185,Software Engineer,hive,1,177,0.5649717514124294,Rare
23186,Software Engineer,manual testing,1,177,0.5649717514124294,Rare
23187,Software Engineer,waterfall,1,177,0.5649717514124294,Rare
23188,Software Engineer,power bi,1,177,0.5649717514124294,Rare
23189,Software Engineer,assembly,1,177,0.5649717514124294,Rare
23190,Software Engineer,qa methodologies,1,177,0.5649717514124294,Rare
23191,Software Engineer,decision making,1,177,0.5649717514124294,Rare
23192,Software Engineer,encryption,1,177,0.5649717514124294,Rare
23193,Software Engineer,http/https,1,177,0.5649717514124294,Rare
23194,Software Engineer,conflict resolution,1,177,0.5649717514124294,Rare
23195,Software Engineer,infrastructure as code,1,177,0.5649717514124294,Rare
23196,Software Engineer,cobol,1,177,0.5649717514124294,Rare
23197,Software Engineer,microcontrollers,1,177,0.5649717514124294,Rare
23198,Software Engineer,dbt,1,177,0.5649717514124294,Rare
23199,Software Engineer,snowflake,1,177,0.5649717514124294,Rare
23200,Software Engineer,oracle cloud,1,177,0.5649717514124294,Rare
23201,Software Engineer,presto,1,177,0.5649717514124294,Rare
23202,Software Engineer,databricks,1,177,0.5649717514124294,Rare
23203,Software Engineer,macos,1,177,0.5649717514124294,Rare
23204,Software Engineer,time management,1,177,0.5649717514124294,Rare
23205,Software Engineer,next.js,1,177,0.5649717514124294,Rare
23206,Software Engineer,load testing,1,177,0.5649717514124294,Rare
23207,Software Engineer,game design,1,177,0.5649717514124294,Rare
23208,Software Engineer,rust,1,177,0.5649717514124294,Rare
23209,Software Engineer,bigquery,1,177,0.5649717514124294,Rare
23210,Software Engineer,flutter,1,177,0.5649717514124294,Rare
23211,Software Engineer,adaptability,1,177,0.5649717514124294,Rare
23212,Software Engineer,android development,1,177,0.5649717514124294,Rare
23213,Software Engineer,react native,1,177,0.5649717514124294,Rare
23214,Software Engineer,xamarin,1,177,0.5649717514124294,Rare
23215,Software Engineer,ionic,1,177,0.5649717514124294,Rare
23216,Software Engineer,automation testing,1,177,0.5649717514124294,Rare
23786,Software Engineer I,agile,5,5,100.0,Core
23787,Software Engineer I,git,3,5,60.0,Core
23788,Software Engineer I,ansible,3,5,60.0,Core
23789,Software Engineer I,communication,3,5,60.0,Core
23790,Software Engineer I,sql,3,5,60.0,Core
23791,Software Engineer I,terraform,2,5,40.0,Common
23792,Software Engineer I,docker,2,5,40.0,Common
23793,Software Engineer I,postgresql,2,5,40.0,Common
23794,Software Engineer I,java,2,5,40.0,Common
23795,Software Engineer I,microservices,2,5,40.0,Common
23796,Software Engineer I,go,2,5,40.0,Common
23797,Software Engineer I,typescript,1,5,20.0,Common
23798,Software Engineer I,ruby on rails,1,5,20.0,Common
23799,Software Engineer I,mysql,1,5,20.0,Common
23800,Software Engineer I,ruby,1,5,20.0,Common
23801,Software Engineer I,problem solving,1,5,20.0,Common
23802,Software Engineer I,spring boot,1,5,20.0,Common
23803,Software Engineer I,prototyping,1,5,20.0,Common
23804,Software Engineer I,oracle,1,5,20.0,Common
23805,Software Engineer I,jenkins,1,5,20.0,Common
23806,Software Engineer I,python,1,5,20.0,Common
23807,Software Engineer I,prometheus,1,5,20.0,Common
23808,Software Engineer I,bash,1,5,20.0,Common
23809,Software Engineer I,microservices architecture,1,5,20.0,Common
23810,Software Engineer I,kubernetes,1,5,20.0,Common
23811,Software Engineer I,grafana,1,5,20.0,Common
23812,Software Engineer I,microsoft azure,1,5,20.0,Common
23813,Software Engineer I,javascript,1,5,20.0,Common
23814,Software Engineer I,c,1,5,20.0,Common
23815,Software Engineer I,data structures and algorithms,1,5,20.0,Common
23816,Software Engineer I,angular,1,5,20.0,Common
23817,Software Engineer I,scrum,1,5,20.0,Common
23818,Software Engineer I,owasp,1,5,20.0,Common
23819,Software Engineer I,unit testing,1,5,20.0,Common
23820,Software Engineer I,less,1,5,20.0,Common
23821,Software Engineer I,kanban,1,5,20.0,Common
23822,Software Engineer I,object-oriented programming,1,5,20.0,Common
23850,Software Engineer II,java,12,14,85.71428571428571,Core
23851,Software Engineer II,c,8,14,57.14285714285714,Core
23852,Software Engineer II,javascript,7,14,50.0,Core
23853,Software Engineer II,agile,6,14,42.857142857142854,Common
23854,Software Engineer II,communication,4,14,28.57142857142857,Common
23855,Software Engineer II,unit testing,3,14,21.428571428571427,Common
23856,Software Engineer II,python,3,14,21.428571428571427,Common
23857,Software Engineer II,collaboration,2,14,14.285714285714285,Supporting
23858,Software Engineer II,node.js,2,14,14.285714285714285,Supporting
23859,Software Engineer II,react,2,14,14.285714285714285,Supporting
23860,Software Engineer II,microservices,2,14,14.285714285714285,Supporting
23861,Software Engineer II,go,2,14,14.285714285714285,Supporting
23862,Software Engineer II,microsoft azure,2,14,14.285714285714285,Supporting
23863,Software Engineer II,linux,2,14,14.285714285714285,Supporting
23864,Software Engineer II,windows,2,14,14.285714285714285,Supporting
23865,Software Engineer II,sql,2,14,14.285714285714285,Supporting
23866,Software Engineer II,kafka,1,14,7.142857142857142,Supporting
23867,Software Engineer II,jira,1,14,7.142857142857142,Supporting
23868,Software Engineer II,confluence,1,14,7.142857142857142,Supporting
23869,Software Engineer II,docker,1,14,7.142857142857142,Supporting
23870,Software Engineer II,kubernetes,1,14,7.142857142857142,Supporting
23871,Software Engineer II,object-oriented programming,1,14,7.142857142857142,Supporting
23872,Software Engineer II,test-driven development,1,14,7.142857142857142,Supporting
23873,Software Engineer II,microservices architecture,1,14,7.142857142857142,Supporting
23874,Software Engineer II,angular,1,14,7.142857142857142,Supporting
23875,Software Engineer II,decision making,1,14,7.142857142857142,Supporting
23876,Software Engineer II,leadership,1,14,7.142857142857142,Supporting
23877,Software Engineer II,typescript,1,14,7.142857142857142,Supporting
23878,Software Engineer II,git,1,14,7.142857142857142,Supporting
23879,Software Engineer II,redis,1,14,7.142857142857142,Supporting
23880,Software Engineer II,mysql,1,14,7.142857142857142,Supporting
23881,Software Engineer II,mongodb,1,14,7.142857142857142,Supporting
23882,Software Engineer II,artificial intelligence,1,14,7.142857142857142,Supporting
23883,Software Engineer II,unix,1,14,7.142857142857142,Supporting
23884,Software Engineer II,graphql,1,14,7.142857142857142,Supporting
23977,Software Engineer III,java,6,9,66.66666666666666,Core
23978,Software Engineer III,agile,6,9,66.66666666666666,Core
23979,Software Engineer III,communication,5,9,55.55555555555556,Core
23980,Software Engineer III,javascript,4,9,44.44444444444444,Common
23981,Software Engineer III,html,4,9,44.44444444444444,Common
23982,Software Engineer III,design patterns,4,9,44.44444444444444,Common
23983,Software Engineer III,sql,4,9,44.44444444444444,Common
23984,Software Engineer III,leadership,4,9,44.44444444444444,Common
23985,Software Engineer III,git,4,9,44.44444444444444,Common
23986,Software Engineer III,css,3,9,33.33333333333333,Common
23987,Software Engineer III,react,3,9,33.33333333333333,Common
23988,Software Engineer III,ci/cd,3,9,33.33333333333333,Common
23989,Software Engineer III,scrum,3,9,33.33333333333333,Common
23990,Software Engineer III,c,3,9,33.33333333333333,Common
23991,Software Engineer III,product management,3,9,33.33333333333333,Common
23992,Software Engineer III,oracle,3,9,33.33333333333333,Common
23993,Software Engineer III,python,3,9,33.33333333333333,Common
23994,Software Engineer III,soap,2,9,22.22222222222222,Common
23995,Software Engineer III,github,2,9,22.22222222222222,Common
23996,Software Engineer III,spring boot,2,9,22.22222222222222,Common
23997,Software Engineer III,angular,2,9,22.22222222222222,Common
23998,Software Engineer III,bootstrap,2,9,22.22222222222222,Common
23999,Software Engineer III,project planning,2,9,22.22222222222222,Common
24000,Software Engineer III,dynamodb,2,9,22.22222222222222,Common
24001,Software Engineer III,jira,2,9,22.22222222222222,Common
24002,Software Engineer III,collaboration,2,9,22.22222222222222,Common
24003,Software Engineer III,jenkins,1,9,11.11111111111111,Supporting
24004,Software Engineer III,node.js,1,9,11.11111111111111,Supporting
24005,Software Engineer III,prototyping,1,9,11.11111111111111,Supporting
24006,Software Engineer III,ionic,1,9,11.11111111111111,Supporting
24007,Software Engineer III,typescript,1,9,11.11111111111111,Supporting
24008,Software Engineer III,grpc,1,9,11.11111111111111,Supporting
24009,Software Engineer III,junit,1,9,11.11111111111111,Supporting
24010,Software Engineer III,gitlab,1,9,11.11111111111111,Supporting
24011,Software Engineer III,less,1,9,11.11111111111111,Supporting
24012,Software Engineer III,unit testing,1,9,11.11111111111111,Supporting
24013,Software Engineer III,test-driven development,1,9,11.11111111111111,Supporting
24014,Software Engineer III,teamwork,1,9,11.11111111111111,Supporting
24015,Software Engineer III,conflict resolution,1,9,11.11111111111111,Supporting
24016,Software Engineer III,microsoft sql server,1,9,11.11111111111111,Supporting
24017,Software Engineer III,microservices,1,9,11.11111111111111,Supporting
24018,Software Engineer III,redis,1,9,11.11111111111111,Supporting
24019,Software Engineer III,jquery,1,9,11.11111111111111,Supporting
24020,Software Engineer III,system design,1,9,11.11111111111111,Supporting
24021,Software Engineer III,integration testing,1,9,11.11111111111111,Supporting
24022,Software Engineer III,apache,1,9,11.11111111111111,Supporting
24023,Software Engineer III,ruby,1,9,11.11111111111111,Supporting
24024,Software Engineer III,graphql,1,9,11.11111111111111,Supporting
24158,Software Engineer Intern,c,8,9,88.88888888888889,Core
24159,Software Engineer Intern,python,7,9,77.77777777777779,Core
24160,Software Engineer Intern,communication,6,9,66.66666666666666,Core
24161,Software Engineer Intern,agile,5,9,55.55555555555556,Core
24162,Software Engineer Intern,java,5,9,55.55555555555556,Core
24163,Software Engineer Intern,scrum,4,9,44.44444444444444,Common
24164,Software Engineer Intern,waterfall,3,9,33.33333333333333,Common
24165,Software Engineer Intern,git,2,9,22.22222222222222,Common
24166,Software Engineer Intern,collaboration,2,9,22.22222222222222,Common
24167,Software Engineer Intern,sql,2,9,22.22222222222222,Common
24168,Software Engineer Intern,object-oriented programming,2,9,22.22222222222222,Common
24169,Software Engineer Intern,tensorflow,1,9,11.11111111111111,Supporting
24170,Software Engineer Intern,computer vision,1,9,11.11111111111111,Supporting
24171,Software Engineer Intern,machine learning,1,9,11.11111111111111,Supporting
24172,Software Engineer Intern,pytorch,1,9,11.11111111111111,Supporting
24173,Software Engineer Intern,artificial intelligence,1,9,11.11111111111111,Supporting
24174,Software Engineer Intern,docker,1,9,11.11111111111111,Supporting
24175,Software Engineer Intern,ci/cd,1,9,11.11111111111111,Supporting
24176,Software Engineer Intern,kubernetes,1,9,11.11111111111111,Supporting
24177,Software Engineer Intern,encryption,1,9,11.11111111111111,Supporting
24178,Software Engineer Intern,c#,1,9,11.11111111111111,Supporting
24179,Software Engineer Intern,microsoft azure,1,9,11.11111111111111,Supporting
24180,Software Engineer Intern,node.js,1,9,11.11111111111111,Supporting
24181,Software Engineer Intern,jenkins,1,9,11.11111111111111,Supporting
24182,Software Engineer Intern,javascript,1,9,11.11111111111111,Supporting
24183,Software Engineer Intern,linux,1,9,11.11111111111111,Supporting
24184,Software Engineer Intern,design patterns,1,9,11.11111111111111,Supporting
24185,Software Engineer Intern,scala,1,9,11.11111111111111,Supporting
24186,Software Engineer Intern,css,1,9,11.11111111111111,Supporting
24187,Software Engineer Intern,ansible,1,9,11.11111111111111,Supporting
24188,Software Engineer Intern,bash,1,9,11.11111111111111,Supporting
24189,Software Engineer Intern,chef,1,9,11.11111111111111,Supporting
24190,Software Engineer Intern,ruby,1,9,11.11111111111111,Supporting
24191,Software Engineer Intern,go,1,9,11.11111111111111,Supporting
24227,Software Engineer Senior,communication,3,5,60.0,Core
24228,Software Engineer Senior,agile,3,5,60.0,Core
24229,Software Engineer Senior,go,3,5,60.0,Core
24230,Software Engineer Senior,problem solving,2,5,40.0,Common
24231,Software Engineer Senior,java,2,5,40.0,Common
24232,Software Engineer Senior,github,2,5,40.0,Common
24233,Software Engineer Senior,cobol,1,5,20.0,Common
24234,Software Engineer Senior,python,1,5,20.0,Common
24235,Software Engineer Senior,flask,1,5,20.0,Common
24236,Software Engineer Senior,collaboration,1,5,20.0,Common
24237,Software Engineer Senior,django,1,5,20.0,Common
24238,Software Engineer Senior,kubernetes,1,5,20.0,Common
24239,Software Engineer Senior,selenium,1,5,20.0,Common
24240,Software Engineer Senior,oracle,1,5,20.0,Common
24241,Software Engineer Senior,google cloud platform,1,5,20.0,Common
24242,Software Engineer Senior,jenkins,1,5,20.0,Common
24243,Software Engineer Senior,sql,1,5,20.0,Common
24244,Software Engineer Senior,angular,1,5,20.0,Common
24245,Software Engineer Senior,sap,1,5,20.0,Common
24246,Software Engineer Senior,unit testing,1,5,20.0,Common
24247,Software Engineer Senior,integration testing,1,5,20.0,Common
24248,Software Engineer Senior,kafka,1,5,20.0,Common
24249,Software Engineer Senior,jira,1,5,20.0,Common
24250,Software Engineer Senior,spring boot,1,5,20.0,Common
24251,Software Engineer Senior,design patterns,1,5,20.0,Common
24252,Software Engineer Senior,test-driven development,1,5,20.0,Common
24253,Software Engineer Senior,postman,1,5,20.0,Common
24254,Software Engineer Senior,graphql,1,5,20.0,Common
24290,Software Engineer in Test,java,10,18,55.55555555555556,Core
24291,Software Engineer in Test,selenium,9,18,50.0,Core
24292,Software Engineer in Test,sql,8,18,44.44444444444444,Common
24293,Software Engineer in Test,jenkins,7,18,38.88888888888889,Common
24294,Software Engineer in Test,cypress,7,18,38.88888888888889,Common
24295,Software Engineer in Test,postman,6,18,33.33333333333333,Common
24296,Software Engineer in Test,communication,5,18,27.77777777777778,Common
24297,Software Engineer in Test,python,5,18,27.77777777777778,Common
24298,Software Engineer in Test,javascript,4,18,22.22222222222222,Common
24299,Software Engineer in Test,ci/cd,4,18,22.22222222222222,Common
24300,Software Engineer in Test,c,3,18,16.666666666666664,Supporting
24301,Software Engineer in Test,etl,3,18,16.666666666666664,Supporting
24302,Software Engineer in Test,oracle,3,18,16.666666666666664,Supporting
24303,Software Engineer in Test,agile,3,18,16.666666666666664,Supporting
24304,Software Engineer in Test,object-oriented programming,3,18,16.666666666666664,Supporting
24305,Software Engineer in Test,github,3,18,16.666666666666664,Supporting
24306,Software Engineer in Test,junit,3,18,16.666666666666664,Supporting
24307,Software Engineer in Test,git,3,18,16.666666666666664,Supporting
24308,Software Engineer in Test,scrum,3,18,16.666666666666664,Supporting
24309,Software Engineer in Test,integration testing,3,18,16.666666666666664,Supporting
24310,Software Engineer in Test,docker,3,18,16.666666666666664,Supporting
24311,Software Engineer in Test,iso 27001,2,18,11.11111111111111,Supporting
24312,Software Engineer in Test,postgresql,2,18,11.11111111111111,Supporting
24313,Software Engineer in Test,mysql,2,18,11.11111111111111,Supporting
24314,Software Engineer in Test,jira,2,18,11.11111111111111,Supporting
24315,Software Engineer in Test,snowflake,2,18,11.11111111111111,Supporting
24316,Software Engineer in Test,typescript,2,18,11.11111111111111,Supporting
24317,Software Engineer in Test,collaboration,2,18,11.11111111111111,Supporting
24318,Software Engineer in Test,bash,2,18,11.11111111111111,Supporting
24319,Software Engineer in Test,shell scripting,2,18,11.11111111111111,Supporting
24320,Software Engineer in Test,kotlin,2,18,11.11111111111111,Supporting
24321,Software Engineer in Test,swift,2,18,11.11111111111111,Supporting
24322,Software Engineer in Test,mentoring,2,18,11.11111111111111,Supporting
24323,Software Engineer in Test,unit testing,2,18,11.11111111111111,Supporting
24324,Software Engineer in Test,kubernetes,2,18,11.11111111111111,Supporting
24325,Software Engineer in Test,automation testing,2,18,11.11111111111111,Supporting
24326,Software Engineer in Test,linux,1,18,5.555555555555555,Supporting
24327,Software Engineer in Test,c++,1,18,5.555555555555555,Supporting
24328,Software Engineer in Test,windows,1,18,5.555555555555555,Supporting
24329,Software Engineer in Test,rust,1,18,5.555555555555555,Supporting
24330,Software Engineer in Test,react,1,18,5.555555555555555,Supporting
24331,Software Engineer in Test,html,1,18,5.555555555555555,Supporting
24332,Software Engineer in Test,apache,1,18,5.555555555555555,Supporting
24333,Software Engineer in Test,css,1,18,5.555555555555555,Supporting
24334,Software Engineer in Test,waterfall,1,18,5.555555555555555,Supporting
24335,Software Engineer in Test,rest api,1,18,5.555555555555555,Supporting
24336,Software Engineer in Test,soap,1,18,5.555555555555555,Supporting
24337,Software Engineer in Test,power bi,1,18,5.555555555555555,Supporting
24338,Software Engineer in Test,data warehousing,1,18,5.555555555555555,Supporting
24339,Software Engineer in Test,dynamodb,1,18,5.555555555555555,Supporting
24340,Software Engineer in Test,github actions,1,18,5.555555555555555,Supporting
24341,Software Engineer in Test,microservices,1,18,5.555555555555555,Supporting
24342,Software Engineer in Test,cassandra,1,18,5.555555555555555,Supporting
24343,Software Engineer in Test,gitlab,1,18,5.555555555555555,Supporting
24344,Software Engineer in Test,mongodb,1,18,5.555555555555555,Supporting
24828,Software Engineering Manager,agile,7,10,70.0,Core
24829,Software Engineering Manager,communication,6,10,60.0,Core
24830,Software Engineering Manager,leadership,5,10,50.0,Core
24831,Software Engineering Manager,c,5,10,50.0,Core
24832,Software Engineering Manager,javascript,4,10,40.0,Common
24833,Software Engineering Manager,go,4,10,40.0,Common
24834,Software Engineering Manager,collaboration,4,10,40.0,Common
24835,Software Engineering Manager,kubernetes,3,10,30.0,Common
24836,Software Engineering Manager,product management,3,10,30.0,Common
24837,Software Engineering Manager,ci/cd,3,10,30.0,Common
24838,Software Engineering Manager,docker,2,10,20.0,Common
24839,Software Engineering Manager,test-driven development,2,10,20.0,Common
24840,Software Engineering Manager,fpga,2,10,20.0,Common
24841,Software Engineering Manager,python,2,10,20.0,Common
24842,Software Engineering Manager,react,2,10,20.0,Common
24843,Software Engineering Manager,java,2,10,20.0,Common
24844,Software Engineering Manager,rust,2,10,20.0,Common
24845,Software Engineering Manager,microservices,2,10,20.0,Common
24846,Software Engineering Manager,problem solving,1,10,10.0,Supporting
24847,Software Engineering Manager,scrum,1,10,10.0,Supporting
24848,Software Engineering Manager,jira,1,10,10.0,Supporting
24849,Software Engineering Manager,rtos,1,10,10.0,Supporting
24850,Software Engineering Manager,linux,1,10,10.0,Supporting
24851,Software Engineering Manager,angular,1,10,10.0,Supporting
24852,Software Engineering Manager,c++,1,10,10.0,Supporting
24853,Software Engineering Manager,machine learning,1,10,10.0,Supporting
24854,Software Engineering Manager,laravel,1,10,10.0,Supporting
24855,Software Engineering Manager,adaptability,1,10,10.0,Supporting
24856,Software Engineering Manager,ruby on rails,1,10,10.0,Supporting
24857,Software Engineering Manager,php,1,10,10.0,Supporting
24858,Software Engineering Manager,ruby,1,10,10.0,Supporting
24859,Software Engineering Manager,github,1,10,10.0,Supporting
24860,Software Engineering Manager,project planning,1,10,10.0,Supporting
24861,Software Engineering Manager,git,1,10,10.0,Supporting
24862,Software Engineering Manager,sql,1,10,10.0,Supporting
24863,Software Engineering Manager,asp.net,1,10,10.0,Supporting
24864,Software Engineering Manager,vhdl,1,10,10.0,Supporting
24865,Software Engineering Manager,excel,1,10,10.0,Supporting
24866,Software Engineering Manager,risk management,1,10,10.0,Supporting
24867,Software Engineering Manager,mentoring,1,10,10.0,Supporting
24868,Software Engineering Manager,typescript,1,10,10.0,Supporting
24869,Software Engineering Manager,node.js,1,10,10.0,Supporting
24870,Software Engineering Manager,postgresql,1,10,10.0,Supporting
25173,Solutions Architect,leadership,14,32,43.75,Common
25174,Solutions Architect,communication,13,32,40.625,Common
25175,Solutions Architect,c,11,32,34.375,Common
25176,Solutions Architect,sql,10,32,31.25,Common
25177,Solutions Architect,microservices,6,32,18.75,Supporting
25178,Solutions Architect,collaboration,6,32,18.75,Supporting
25179,Solutions Architect,product management,5,32,15.625,Supporting
25180,Solutions Architect,angular,5,32,15.625,Supporting
25181,Solutions Architect,linux,4,32,12.5,Supporting
25182,Solutions Architect,agile,4,32,12.5,Supporting
25183,Solutions Architect,go,4,32,12.5,Supporting
25184,Solutions Architect,java,4,32,12.5,Supporting
25185,Solutions Architect,etl,4,32,12.5,Supporting
25186,Solutions Architect,python,3,32,9.375,Supporting
25187,Solutions Architect,oracle,3,32,9.375,Supporting
25188,Solutions Architect,ci/cd,3,32,9.375,Supporting
25189,Solutions Architect,css,3,32,9.375,Supporting
25190,Solutions Architect,amazon web services,2,32,6.25,Supporting
25191,Solutions Architect,bash,2,32,6.25,Supporting
25192,Solutions Architect,powershell,2,32,6.25,Supporting
25193,Solutions Architect,jira,2,32,6.25,Supporting
25194,Solutions Architect,design patterns,2,32,6.25,Supporting
25195,Solutions Architect,microservices architecture,2,32,6.25,Supporting
25196,Solutions Architect,confluence,2,32,6.25,Supporting
25197,Solutions Architect,critical thinking,2,32,6.25,Supporting
25198,Solutions Architect,artificial intelligence,2,32,6.25,Supporting
25199,Solutions Architect,kafka,2,32,6.25,Supporting
25200,Solutions Architect,excel,2,32,6.25,Supporting
25201,Solutions Architect,mentoring,2,32,6.25,Supporting
25202,Solutions Architect,presentation skills,2,32,6.25,Supporting
25203,Solutions Architect,dns,2,32,6.25,Supporting
25204,Solutions Architect,infrastructure as code,2,32,6.25,Supporting
25205,Solutions Architect,vpn,2,32,6.25,Supporting
25206,Solutions Architect,apache,2,32,6.25,Supporting
25207,Solutions Architect,encryption,2,32,6.25,Supporting
25208,Solutions Architect,prototyping,2,32,6.25,Supporting
25209,Solutions Architect,kubernetes,2,32,6.25,Supporting
25210,Solutions Architect,html,2,32,6.25,Supporting
25211,Solutions Architect,soap,2,32,6.25,Supporting
25212,Solutions Architect,postman,2,32,6.25,Supporting
25213,Solutions Architect,machine learning,1,32,3.125,Rare
25214,Solutions Architect,shell scripting,1,32,3.125,Rare
25215,Solutions Architect,statistics,1,32,3.125,Rare
25216,Solutions Architect,tableau,1,32,3.125,Rare
25217,Solutions Architect,r,1,32,3.125,Rare
25218,Solutions Architect,pmp,1,32,3.125,Rare
25219,Solutions Architect,fpga,1,32,3.125,Rare
25220,Solutions Architect,next.js,1,32,3.125,Rare
25221,Solutions Architect,cassandra,1,32,3.125,Rare
25222,Solutions Architect,salesforce,1,32,3.125,Rare
25223,Solutions Architect,hadoop,1,32,3.125,Rare
25224,Solutions Architect,github,1,32,3.125,Rare
25225,Solutions Architect,unity,1,32,3.125,Rare
25226,Solutions Architect,databricks,1,32,3.125,Rare
25227,Solutions Architect,scrum,1,32,3.125,Rare
25228,Solutions Architect,data warehousing,1,32,3.125,Rare
25229,Solutions Architect,routing and switching,1,32,3.125,Rare
25230,Solutions Architect,http/https,1,32,3.125,Rare
25231,Solutions Architect,sap,1,32,3.125,Rare
25232,Solutions Architect,problem solving,1,32,3.125,Rare
25233,Solutions Architect,adaptability,1,32,3.125,Rare
25234,Solutions Architect,network security,1,32,3.125,Rare
25235,Solutions Architect,jenkins,1,32,3.125,Rare
25236,Solutions Architect,prometheus,1,32,3.125,Rare
25237,Solutions Architect,docker,1,32,3.125,Rare
25238,Solutions Architect,grafana,1,32,3.125,Rare
25239,Solutions Architect,c#,1,32,3.125,Rare
25240,Solutions Architect,microsoft sql server,1,32,3.125,Rare
25241,Solutions Architect,javascript,1,32,3.125,Rare
25242,Solutions Architect,unit testing,1,32,3.125,Rare
25243,Solutions Architect,windows,1,32,3.125,Rare
25244,Solutions Architect,load balancing,1,32,3.125,Rare
25245,Solutions Architect,firewalls,1,32,3.125,Rare
25246,Solutions Architect,puppet,1,32,3.125,Rare
25378,Solutions Engineer,communication,6,9,66.66666666666666,Core
25379,Solutions Engineer,presentation skills,5,9,55.55555555555556,Core
25380,Solutions Engineer,collaboration,5,9,55.55555555555556,Core
25381,Solutions Engineer,leadership,4,9,44.44444444444444,Common
25382,Solutions Engineer,c,3,9,33.33333333333333,Common
25383,Solutions Engineer,salesforce,2,9,22.22222222222222,Common
25384,Solutions Engineer,machine learning,2,9,22.22222222222222,Common
25385,Solutions Engineer,sql,2,9,22.22222222222222,Common
25386,Solutions Engineer,slack,1,9,11.11111111111111,Supporting
25387,Solutions Engineer,product management,1,9,11.11111111111111,Supporting
25388,Solutions Engineer,artificial intelligence,1,9,11.11111111111111,Supporting
25389,Solutions Engineer,linux,1,9,11.11111111111111,Supporting
25390,Solutions Engineer,html,1,9,11.11111111111111,Supporting
25391,Solutions Engineer,dbt,1,9,11.11111111111111,Supporting
25392,Solutions Engineer,etl,1,9,11.11111111111111,Supporting
25393,Solutions Engineer,tableau,1,9,11.11111111111111,Supporting
25394,Solutions Engineer,windows,1,9,11.11111111111111,Supporting
25395,Solutions Engineer,go,1,9,11.11111111111111,Supporting
25396,Solutions Engineer,microsoft azure,1,9,11.11111111111111,Supporting
25397,Solutions Engineer,encryption,1,9,11.11111111111111,Supporting
25398,Solutions Engineer,teamwork,1,9,11.11111111111111,Supporting
25399,Solutions Engineer,time management,1,9,11.11111111111111,Supporting
25400,Solutions Engineer,less,1,9,11.11111111111111,Supporting
25916,Sr Software Engineer,agile,3,6,50.0,Core
25917,Sr Software Engineer,java,2,6,33.33333333333333,Common
25918,Sr Software Engineer,python,2,6,33.33333333333333,Common
25919,Sr Software Engineer,javascript,2,6,33.33333333333333,Common
25920,Sr Software Engineer,leadership,2,6,33.33333333333333,Common
25921,Sr Software Engineer,communication,1,6,16.666666666666664,Supporting
25922,Sr Software Engineer,object-oriented programming,1,6,16.666666666666664,Supporting
25923,Sr Software Engineer,typescript,1,6,16.666666666666664,Supporting
25924,Sr Software Engineer,scrum,1,6,16.666666666666664,Supporting
25925,Sr Software Engineer,design patterns,1,6,16.666666666666664,Supporting
25926,Sr Software Engineer,less,1,6,16.666666666666664,Supporting
25927,Sr Software Engineer,kanban,1,6,16.666666666666664,Supporting
25928,Sr Software Engineer,graphql,1,6,16.666666666666664,Supporting
25929,Sr Software Engineer,ci/cd,1,6,16.666666666666664,Supporting
25930,Sr Software Engineer,infrastructure as code,1,6,16.666666666666664,Supporting
25931,Sr Software Engineer,terraform,1,6,16.666666666666664,Supporting
25932,Sr Software Engineer,html,1,6,16.666666666666664,Supporting
25933,Sr Software Engineer,c,1,6,16.666666666666664,Supporting
25934,Sr Software Engineer,sql,1,6,16.666666666666664,Supporting
25935,Sr Software Engineer,css,1,6,16.666666666666664,Supporting
25936,Sr Software Engineer,angular,1,6,16.666666666666664,Supporting
25937,Sr Software Engineer,docker,1,6,16.666666666666664,Supporting
25938,Sr Software Engineer,kubernetes,1,6,16.666666666666664,Supporting
25939,Sr Software Engineer,dns,1,6,16.666666666666664,Supporting
26284,Sr. Data Engineer,sql,6,6,100.0,Core
26285,Sr. Data Engineer,python,4,6,66.66666666666666,Core
26286,Sr. Data Engineer,data pipelines,3,6,50.0,Core
26287,Sr. Data Engineer,scala,2,6,33.33333333333333,Common
26288,Sr. Data Engineer,etl,2,6,33.33333333333333,Common
26289,Sr. Data Engineer,communication,2,6,33.33333333333333,Common
26290,Sr. Data Engineer,kafka,1,6,16.666666666666664,Supporting
26291,Sr. Data Engineer,collaboration,1,6,16.666666666666664,Supporting
26292,Sr. Data Engineer,r,1,6,16.666666666666664,Supporting
26293,Sr. Data Engineer,less,1,6,16.666666666666664,Supporting
26294,Sr. Data Engineer,mysql,1,6,16.666666666666664,Supporting
26295,Sr. Data Engineer,c,1,6,16.666666666666664,Supporting
26296,Sr. Data Engineer,ci/cd,1,6,16.666666666666664,Supporting
26297,Sr. Data Engineer,bigquery,1,6,16.666666666666664,Supporting
26298,Sr. Data Engineer,risk management,1,6,16.666666666666664,Supporting
26299,Sr. Data Engineer,airflow,1,6,16.666666666666664,Supporting
26300,Sr. Data Engineer,apache,1,6,16.666666666666664,Supporting
26301,Sr. Data Engineer,machine learning,1,6,16.666666666666664,Supporting
26302,Sr. Data Engineer,unit testing,1,6,16.666666666666664,Supporting
26303,Sr. Data Engineer,product management,1,6,16.666666666666664,Supporting
26304,Sr. Data Engineer,snowflake,1,6,16.666666666666664,Supporting
26305,Sr. Data Engineer,microsoft sql server,1,6,16.666666666666664,Supporting
26306,Sr. Data Engineer,mentoring,1,6,16.666666666666664,Supporting
26307,Sr. Data Engineer,presentation skills,1,6,16.666666666666664,Supporting
26308,Sr. Data Engineer,leadership,1,6,16.666666666666664,Supporting
26309,Sr. Data Engineer,agile,1,6,16.666666666666664,Supporting
26310,Sr. Data Engineer,excel,1,6,16.666666666666664,Supporting
26982,Sr. Software Engineer,sql,5,9,55.55555555555556,Core
26983,Sr. Software Engineer,java,5,9,55.55555555555556,Core
26984,Sr. Software Engineer,agile,5,9,55.55555555555556,Core
26985,Sr. Software Engineer,communication,4,9,44.44444444444444,Common
26986,Sr. Software Engineer,scrum,3,9,33.33333333333333,Common
26987,Sr. Software Engineer,leadership,3,9,33.33333333333333,Common
26988,Sr. Software Engineer,python,3,9,33.33333333333333,Common
26989,Sr. Software Engineer,docker,3,9,33.33333333333333,Common
26990,Sr. Software Engineer,kubernetes,3,9,33.33333333333333,Common
26991,Sr. Software Engineer,git,2,9,22.22222222222222,Common
26992,Sr. Software Engineer,unit testing,2,9,22.22222222222222,Common
26993,Sr. Software Engineer,design patterns,2,9,22.22222222222222,Common
26994,Sr. Software Engineer,ci/cd,2,9,22.22222222222222,Common
26995,Sr. Software Engineer,collaboration,2,9,22.22222222222222,Common
26996,Sr. Software Engineer,angular,2,9,22.22222222222222,Common
26997,Sr. Software Engineer,databricks,2,9,22.22222222222222,Common
26998,Sr. Software Engineer,javascript,2,9,22.22222222222222,Common
26999,Sr. Software Engineer,typescript,2,9,22.22222222222222,Common
27000,Sr. Software Engineer,c,2,9,22.22222222222222,Common
27001,Sr. Software Engineer,selenium,1,9,11.11111111111111,Supporting
27002,Sr. Software Engineer,junit,1,9,11.11111111111111,Supporting
27003,Sr. Software Engineer,jira,1,9,11.11111111111111,Supporting
27004,Sr. Software Engineer,spring boot,1,9,11.11111111111111,Supporting
27005,Sr. Software Engineer,soap,1,9,11.11111111111111,Supporting
27006,Sr. Software Engineer,kafka,1,9,11.11111111111111,Supporting
27007,Sr. Software Engineer,scala,1,9,11.11111111111111,Supporting
27008,Sr. Software Engineer,flink,1,9,11.11111111111111,Supporting
27009,Sr. Software Engineer,terraform,1,9,11.11111111111111,Supporting
27010,Sr. Software Engineer,data pipelines,1,9,11.11111111111111,Supporting
27011,Sr. Software Engineer,machine learning,1,9,11.11111111111111,Supporting
27012,Sr. Software Engineer,r,1,9,11.11111111111111,Supporting
27013,Sr. Software Engineer,microservices,1,9,11.11111111111111,Supporting
27014,Sr. Software Engineer,jenkins,1,9,11.11111111111111,Supporting
27015,Sr. Software Engineer,graphql,1,9,11.11111111111111,Supporting
27016,Sr. Software Engineer,github,1,9,11.11111111111111,Supporting
27017,Sr. Software Engineer,html,1,9,11.11111111111111,Supporting
27018,Sr. Software Engineer,asp.net,1,9,11.11111111111111,Supporting
27019,Sr. Software Engineer,oracle,1,9,11.11111111111111,Supporting
27020,Sr. Software Engineer,mysql,1,9,11.11111111111111,Supporting
27021,Sr. Software Engineer,vue.js,1,9,11.11111111111111,Supporting
27022,Sr. Software Engineer,ui design,1,9,11.11111111111111,Supporting
27023,Sr. Software Engineer,css,1,9,11.11111111111111,Supporting
27024,Sr. Software Engineer,react,1,9,11.11111111111111,Supporting
27025,Sr. Software Engineer,node.js,1,9,11.11111111111111,Supporting
27669,Staff Software Engineer,leadership,11,19,57.89473684210527,Core
27670,Staff Software Engineer,agile,9,19,47.368421052631575,Common
27671,Staff Software Engineer,communication,9,19,47.368421052631575,Common
27672,Staff Software Engineer,python,8,19,42.10526315789473,Common
27673,Staff Software Engineer,java,7,19,36.84210526315789,Common
27674,Staff Software Engineer,sql,7,19,36.84210526315789,Common
27675,Staff Software Engineer,c,7,19,36.84210526315789,Common
27676,Staff Software Engineer,docker,6,19,31.57894736842105,Common
27677,Staff Software Engineer,ci/cd,6,19,31.57894736842105,Common
27678,Staff Software Engineer,design patterns,6,19,31.57894736842105,Common
27679,Staff Software Engineer,react,5,19,26.31578947368421,Common
27680,Staff Software Engineer,microservices,5,19,26.31578947368421,Common
27681,Staff Software Engineer,collaboration,4,19,21.052631578947366,Common
27682,Staff Software Engineer,typescript,4,19,21.052631578947366,Common
27683,Staff Software Engineer,problem solving,3,19,15.789473684210526,Supporting
27684,Staff Software Engineer,machine learning,3,19,15.789473684210526,Supporting
27685,Staff Software Engineer,go,3,19,15.789473684210526,Supporting
27686,Staff Software Engineer,graphql,3,19,15.789473684210526,Supporting
27687,Staff Software Engineer,javascript,3,19,15.789473684210526,Supporting
27688,Staff Software Engineer,node.js,3,19,15.789473684210526,Supporting
27689,Staff Software Engineer,kafka,3,19,15.789473684210526,Supporting
27690,Staff Software Engineer,github,3,19,15.789473684210526,Supporting
27691,Staff Software Engineer,unit testing,3,19,15.789473684210526,Supporting
27692,Staff Software Engineer,kubernetes,3,19,15.789473684210526,Supporting
27693,Staff Software Engineer,rust,2,19,10.526315789473683,Supporting
27694,Staff Software Engineer,decision making,2,19,10.526315789473683,Supporting
27695,Staff Software Engineer,tensorflow,2,19,10.526315789473683,Supporting
27696,Staff Software Engineer,flask,2,19,10.526315789473683,Supporting
27697,Staff Software Engineer,pandas,2,19,10.526315789473683,Supporting
27698,Staff Software Engineer,pytorch,2,19,10.526315789473683,Supporting
27699,Staff Software Engineer,power bi,2,19,10.526315789473683,Supporting
27700,Staff Software Engineer,snowflake,2,19,10.526315789473683,Supporting
27701,Staff Software Engineer,prototyping,2,19,10.526315789473683,Supporting
27702,Staff Software Engineer,jenkins,2,19,10.526315789473683,Supporting
27703,Staff Software Engineer,system design,2,19,10.526315789473683,Supporting
27704,Staff Software Engineer,angular,2,19,10.526315789473683,Supporting
27705,Staff Software Engineer,linux,2,19,10.526315789473683,Supporting
27706,Staff Software Engineer,mentoring,2,19,10.526315789473683,Supporting
27707,Staff Software Engineer,react native,1,19,5.263157894736842,Supporting
27708,Staff Software Engineer,swift,1,19,5.263157894736842,Supporting
27709,Staff Software Engineer,test-driven development,1,19,5.263157894736842,Supporting
27710,Staff Software Engineer,excel,1,19,5.263157894736842,Supporting
27711,Staff Software Engineer,django,1,19,5.263157894736842,Supporting
27712,Staff Software Engineer,slack,1,19,5.263157894736842,Supporting
27713,Staff Software Engineer,mongodb,1,19,5.263157894736842,Supporting
27714,Staff Software Engineer,c++,1,19,5.263157894736842,Supporting
27715,Staff Software Engineer,windows,1,19,5.263157894736842,Supporting
27716,Staff Software Engineer,scrum,1,19,5.263157894736842,Supporting
27717,Staff Software Engineer,git,1,19,5.263157894736842,Supporting
27718,Staff Software Engineer,microservices architecture,1,19,5.263157894736842,Supporting
27719,Staff Software Engineer,php,1,19,5.263157894736842,Supporting
27720,Staff Software Engineer,html,1,19,5.263157894736842,Supporting
27721,Staff Software Engineer,css,1,19,5.263157894736842,Supporting
27722,Staff Software Engineer,bash,1,19,5.263157894736842,Supporting
27723,Staff Software Engineer,adaptability,1,19,5.263157894736842,Supporting
27724,Staff Software Engineer,data pipelines,1,19,5.263157894736842,Supporting
27725,Staff Software Engineer,terraform,1,19,5.263157894736842,Supporting
27726,Staff Software Engineer,databricks,1,19,5.263157894736842,Supporting
27727,Staff Software Engineer,tableau,1,19,5.263157894736842,Supporting
28190,Systems Engineer,communication,10,21,47.61904761904761,Common
28191,Systems Engineer,windows,7,21,33.33333333333333,Common
28192,Systems Engineer,powershell,7,21,33.33333333333333,Common
28193,Systems Engineer,linux,4,21,19.047619047619047,Supporting
28194,Systems Engineer,agile,4,21,19.047619047619047,Supporting
28195,Systems Engineer,teamwork,4,21,19.047619047619047,Supporting
28196,Systems Engineer,dns,4,21,19.047619047619047,Supporting
28197,Systems Engineer,python,3,21,14.285714285714285,Supporting
28198,Systems Engineer,excel,3,21,14.285714285714285,Supporting
28199,Systems Engineer,risk management,2,21,9.523809523809524,Supporting
28200,Systems Engineer,waterfall,2,21,9.523809523809524,Supporting
28201,Systems Engineer,critical thinking,2,21,9.523809523809524,Supporting
28202,Systems Engineer,firewalls,2,21,9.523809523809524,Supporting
28203,Systems Engineer,ansible,2,21,9.523809523809524,Supporting
28204,Systems Engineer,sql,2,21,9.523809523809524,Supporting
28205,Systems Engineer,presentation skills,2,21,9.523809523809524,Supporting
28206,Systems Engineer,mysql,2,21,9.523809523809524,Supporting
28207,Systems Engineer,go,2,21,9.523809523809524,Supporting
28208,Systems Engineer,leadership,2,21,9.523809523809524,Supporting
28209,Systems Engineer,c,1,21,4.761904761904762,Rare
28210,Systems Engineer,unix,1,21,4.761904761904762,Rare
28211,Systems Engineer,perl,1,21,4.761904761904762,Rare
28212,Systems Engineer,ruby,1,21,4.761904761904762,Rare
28213,Systems Engineer,adaptability,1,21,4.761904761904762,Rare
28214,Systems Engineer,jenkins,1,21,4.761904761904762,Rare
28215,Systems Engineer,junit,1,21,4.761904761904762,Rare
28216,Systems Engineer,scrum,1,21,4.761904761904762,Rare
28217,Systems Engineer,git,1,21,4.761904761904762,Rare
28218,Systems Engineer,databricks,1,21,4.761904761904762,Rare
28219,Systems Engineer,machine learning,1,21,4.761904761904762,Rare
28220,Systems Engineer,confluence,1,21,4.761904761904762,Rare
28221,Systems Engineer,docker,1,21,4.761904761904762,Rare
28222,Systems Engineer,ci/cd,1,21,4.761904761904762,Rare
28223,Systems Engineer,oracle,1,21,4.761904761904762,Rare
28224,Systems Engineer,r,1,21,4.761904761904762,Rare
28225,Systems Engineer,javascript,1,21,4.761904761904762,Rare
28226,Systems Engineer,apache,1,21,4.761904761904762,Rare
28227,Systems Engineer,apache spark,1,21,4.761904761904762,Rare
28228,Systems Engineer,elasticsearch,1,21,4.761904761904762,Rare
28229,Systems Engineer,java,1,21,4.761904761904762,Rare
28230,Systems Engineer,terraform,1,21,4.761904761904762,Rare
28231,Systems Engineer,encryption,1,21,4.761904761904762,Rare
28232,Systems Engineer,tcp/ip,1,21,4.761904761904762,Rare
28233,Systems Engineer,vpn,1,21,4.761904761904762,Rare
28234,Systems Engineer,network security,1,21,4.761904761904762,Rare
28235,Systems Engineer,collaboration,1,21,4.761904761904762,Rare
28236,Systems Engineer,less,1,21,4.761904761904762,Rare
28335,Systems Engineer II,communication,3,5,60.0,Core
28336,Systems Engineer II,jira,2,5,40.0,Common
28337,Systems Engineer II,agile,2,5,40.0,Common
28338,Systems Engineer II,windows,2,5,40.0,Common
28339,Systems Engineer II,powershell,2,5,40.0,Common
28340,Systems Engineer II,excel,1,5,20.0,Common
28341,Systems Engineer II,leadership,1,5,20.0,Common
28342,Systems Engineer II,python,1,5,20.0,Common
28343,Systems Engineer II,system design,1,5,20.0,Common
28344,Systems Engineer II,critical thinking,1,5,20.0,Common
28345,Systems Engineer II,c,1,5,20.0,Common
28346,Systems Engineer II,java,1,5,20.0,Common
28347,Systems Engineer II,problem solving,1,5,20.0,Common
28348,Systems Engineer II,teamwork,1,5,20.0,Common
28349,Systems Engineer II,encryption,1,5,20.0,Common
28350,Systems Engineer II,tcp/ip,1,5,20.0,Common
28351,Systems Engineer II,collaboration,1,5,20.0,Common
28352,Systems Engineer II,terraform,1,5,20.0,Common
28353,Systems Engineer II,shell scripting,1,5,20.0,Common
28354,Systems Engineer II,linux,1,5,20.0,Common
28355,Systems Engineer II,ansible,1,5,20.0,Common
28356,Systems Engineer II,chef,1,5,20.0,Common
28357,Systems Engineer II,bash,1,5,20.0,Common
28358,Systems Engineer II,unix,1,5,20.0,Common
28359,Systems Engineer II,docker,1,5,20.0,Common
28360,Systems Engineer II,kubernetes,1,5,20.0,Common
28539,Technical Architect,node.js,6,6,100.0,Core
28540,Technical Architect,tensorflow,4,6,66.66666666666666,Core
28541,Technical Architect,python,4,6,66.66666666666666,Core
28542,Technical Architect,deep learning,4,6,66.66666666666666,Core
28543,Technical Architect,mlops,4,6,66.66666666666666,Core
28544,Technical Architect,machine learning,4,6,66.66666666666666,Core
28545,Technical Architect,pytorch,4,6,66.66666666666666,Core
28546,Technical Architect,artificial intelligence,4,6,66.66666666666666,Core
28547,Technical Architect,docker,4,6,66.66666666666666,Core
28548,Technical Architect,java,4,6,66.66666666666666,Core
28549,Technical Architect,data visualization,4,6,66.66666666666666,Core
28550,Technical Architect,communication,2,6,33.33333333333333,Common
28551,Technical Architect,leadership,2,6,33.33333333333333,Common
28552,Technical Architect,react,2,6,33.33333333333333,Common
28553,Technical Architect,kubernetes,1,6,16.666666666666664,Supporting
28591,Technical Product Manager,communication,6,9,66.66666666666666,Core
28592,Technical Product Manager,agile,5,9,55.55555555555556,Core
28593,Technical Product Manager,product management,4,9,44.44444444444444,Common
28594,Technical Product Manager,sql,4,9,44.44444444444444,Common
28595,Technical Product Manager,linux,3,9,33.33333333333333,Common
28596,Technical Product Manager,c,3,9,33.33333333333333,Common
28597,Technical Product Manager,scrum,2,9,22.22222222222222,Common
28598,Technical Product Manager,jira,2,9,22.22222222222222,Common
28599,Technical Product Manager,confluence,2,9,22.22222222222222,Common
28600,Technical Product Manager,leadership,2,9,22.22222222222222,Common
28601,Technical Product Manager,go,1,9,11.11111111111111,Supporting
28602,Technical Product Manager,microsoft azure,1,9,11.11111111111111,Supporting
28603,Technical Product Manager,databricks,1,9,11.11111111111111,Supporting
28604,Technical Product Manager,etl,1,9,11.11111111111111,Supporting
28605,Technical Product Manager,github,1,9,11.11111111111111,Supporting
28606,Technical Product Manager,iso 27001,1,9,11.11111111111111,Supporting
28607,Technical Product Manager,google cloud platform,1,9,11.11111111111111,Supporting
28608,Technical Product Manager,python,1,9,11.11111111111111,Supporting
28609,Technical Product Manager,git,1,9,11.11111111111111,Supporting
28610,Technical Product Manager,statistics,1,9,11.11111111111111,Supporting
28611,Technical Product Manager,feature engineering,1,9,11.11111111111111,Supporting
28612,Technical Product Manager,machine learning,1,9,11.11111111111111,Supporting
28613,Technical Product Manager,r,1,9,11.11111111111111,Supporting
28614,Technical Product Manager,power bi,1,9,11.11111111111111,Supporting
28615,Technical Product Manager,looker,1,9,11.11111111111111,Supporting
28616,Technical Product Manager,data visualization,1,9,11.11111111111111,Supporting
28617,Technical Product Manager,tableau,1,9,11.11111111111111,Supporting
28659,Technical Program Manager,communication,9,15,60.0,Core
28660,Technical Program Manager,product management,7,15,46.666666666666664,Common
28661,Technical Program Manager,collaboration,7,15,46.666666666666664,Common
28662,Technical Program Manager,leadership,6,15,40.0,Common
28663,Technical Program Manager,agile,4,15,26.666666666666668,Common
28664,Technical Program Manager,sql,2,15,13.333333333333334,Supporting
28665,Technical Program Manager,confluence,2,15,13.333333333333334,Supporting
28666,Technical Program Manager,scrum,2,15,13.333333333333334,Supporting
28667,Technical Program Manager,risk management,2,15,13.333333333333334,Supporting
28668,Technical Program Manager,jira,1,15,6.666666666666667,Supporting
28669,Technical Program Manager,six sigma,1,15,6.666666666666667,Supporting
28670,Technical Program Manager,pmp,1,15,6.666666666666667,Supporting
28671,Technical Program Manager,machine learning,1,15,6.666666666666667,Supporting
28672,Technical Program Manager,waterfall,1,15,6.666666666666667,Supporting
28673,Technical Program Manager,power bi,1,15,6.666666666666667,Supporting
28674,Technical Program Manager,artificial intelligence,1,15,6.666666666666667,Supporting
28675,Technical Program Manager,critical thinking,1,15,6.666666666666667,Supporting
28676,Technical Program Manager,excel,1,15,6.666666666666667,Supporting
28677,Technical Program Manager,salesforce,1,15,6.666666666666667,Supporting
28872,Test Engineer,communication,11,23,47.82608695652174,Common
28873,Test Engineer,assembly,8,23,34.78260869565217,Common
28874,Test Engineer,leadership,5,23,21.73913043478261,Common
28875,Test Engineer,python,4,23,17.391304347826086,Supporting
28876,Test Engineer,linux,4,23,17.391304347826086,Supporting
28877,Test Engineer,c,3,23,13.043478260869565,Supporting
28878,Test Engineer,collaboration,3,23,13.043478260869565,Supporting
28879,Test Engineer,agile,3,23,13.043478260869565,Supporting
28880,Test Engineer,sql,3,23,13.043478260869565,Supporting
28881,Test Engineer,selenium,3,23,13.043478260869565,Supporting
28882,Test Engineer,jira,3,23,13.043478260869565,Supporting
28883,Test Engineer,go,3,23,13.043478260869565,Supporting
28884,Test Engineer,integration testing,2,23,8.695652173913043,Supporting
28885,Test Engineer,problem solving,2,23,8.695652173913043,Supporting
28886,Test Engineer,tcp/ip,2,23,8.695652173913043,Supporting
28887,Test Engineer,bash,2,23,8.695652173913043,Supporting
28888,Test Engineer,unix,2,23,8.695652173913043,Supporting
28889,Test Engineer,ubuntu,2,23,8.695652173913043,Supporting
28890,Test Engineer,excel,2,23,8.695652173913043,Supporting
28891,Test Engineer,git,2,23,8.695652173913043,Supporting
28892,Test Engineer,r,2,23,8.695652173913043,Supporting
28893,Test Engineer,computer vision,1,23,4.3478260869565215,Rare
28894,Test Engineer,machine learning,1,23,4.3478260869565215,Rare
28895,Test Engineer,unit testing,1,23,4.3478260869565215,Rare
28896,Test Engineer,artificial intelligence,1,23,4.3478260869565215,Rare
28897,Test Engineer,ci/cd,1,23,4.3478260869565215,Rare
28898,Test Engineer,fpga,1,23,4.3478260869565215,Rare
28899,Test Engineer,rtos,1,23,4.3478260869565215,Rare
28900,Test Engineer,visual basic,1,23,4.3478260869565215,Rare
28901,Test Engineer,windows,1,23,4.3478260869565215,Rare
28902,Test Engineer,scrum,1,23,4.3478260869565215,Rare
28903,Test Engineer,confluence,1,23,4.3478260869565215,Rare
28904,Test Engineer,oracle,1,23,4.3478260869565215,Rare
28905,Test Engineer,object-oriented programming,1,23,4.3478260869565215,Rare
28906,Test Engineer,bitbucket,1,23,4.3478260869565215,Rare
28907,Test Engineer,java,1,23,4.3478260869565215,Rare
28908,Test Engineer,waterfall,1,23,4.3478260869565215,Rare
28909,Test Engineer,perl,1,23,4.3478260869565215,Rare
28910,Test Engineer,six sigma,1,23,4.3478260869565215,Rare
29347,Web Developer,javascript,37,43,86.04651162790698,Core
29348,Web Developer,html,37,43,86.04651162790698,Core
29349,Web Developer,python,34,43,79.06976744186046,Core
29350,Web Developer,sql,32,43,74.4186046511628,Core
29351,Web Developer,c,32,43,74.4186046511628,Core
29352,Web Developer,css,7,43,16.27906976744186,Supporting
29353,Web Developer,communication,5,43,11.627906976744185,Supporting
29354,Web Developer,react,5,43,11.627906976744185,Supporting
29355,Web Developer,php,5,43,11.627906976744185,Supporting
29356,Web Developer,collaboration,3,43,6.976744186046512,Supporting
29357,Web Developer,docker,3,43,6.976744186046512,Supporting
29358,Web Developer,java,3,43,6.976744186046512,Supporting
29359,Web Developer,jquery,3,43,6.976744186046512,Supporting
29360,Web Developer,git,3,43,6.976744186046512,Supporting
29361,Web Developer,mysql,3,43,6.976744186046512,Supporting
29362,Web Developer,go,2,43,4.651162790697675,Rare
29363,Web Developer,angular,2,43,4.651162790697675,Rare
29364,Web Developer,redux,2,43,4.651162790697675,Rare
29365,Web Developer,graphql,2,43,4.651162790697675,Rare
29366,Web Developer,leadership,2,43,4.651162790697675,Rare
29367,Web Developer,mariadb,2,43,4.651162790697675,Rare
29368,Web Developer,microservices,1,43,2.3255813953488373,Rare
29369,Web Developer,microservices architecture,1,43,2.3255813953488373,Rare
29370,Web Developer,ci/cd,1,43,2.3255813953488373,Rare
29371,Web Developer,kubernetes,1,43,2.3255813953488373,Rare
29372,Web Developer,django,1,43,2.3255813953488373,Rare
29373,Web Developer,design patterns,1,43,2.3255813953488373,Rare
29374,Web Developer,ruby,1,43,2.3255813953488373,Rare
29375,Web Developer,figma,1,43,2.3255813953488373,Rare
29376,Web Developer,illustrator,1,43,2.3255813953488373,Rare
29377,Web Developer,photoshop,1,43,2.3255813953488373,Rare
29378,Web Developer,next.js,1,43,2.3255813953488373,Rare
29379,Web Developer,test-driven development,1,43,2.3255813953488373,Rare
29380,Web Developer,webpack,1,43,2.3255813953488373,Rare
29381,Web Developer,typescript,1,43,2.3255813953488373,Rare
29382,Web Developer,ui design,1,43,2.3255813953488373,Rare
29383,Web Developer,node.js,1,43,2.3255813953488373,Rare
29384,Web Developer,github,1,43,2.3255813953488373,Rare
29385,Web Developer,power bi,1,43,2.3255813953488373,Rare
29386,Web Developer,postgresql,1,43,2.3255813953488373,Rare
29387,Web Developer,oracle,1,43,2.3255813953488373,Rare
29388,Web Developer,excel,1,43,2.3255813953488373,Rare
29389,Web Developer,microsoft sql server,1,43,2.3255813953488373,Rare
29390,Web Developer,system design,1,43,2.3255813953488373,Rare
29391,Web Developer,vpn,1,43,2.3255813953488373,Rare
29392,Web Developer,risk management,1,43,2.3255813953488373,Rare
29393,Web Developer,teamwork,1,43,2.3255813953488373,Rare
29394,Web Developer,google analytics,1,43,2.3255813953488373,Rare
29395,Web Developer,less,1,43,2.3255813953488373,Rare
29484,iOS Developer,c,14,17,82.35294117647058,Core
29485,iOS Developer,swift,14,17,82.35294117647058,Core
29486,iOS Developer,objective-c,12,17,70.58823529411765,Core
29487,iOS Developer,communication,10,17,58.82352941176471,Core
29488,iOS Developer,ios development,9,17,52.94117647058824,Core
29489,iOS Developer,agile,5,17,29.411764705882355,Common
29490,iOS Developer,ci/cd,4,17,23.52941176470588,Common
29491,iOS Developer,git,3,17,17.647058823529413,Supporting
29492,iOS Developer,problem solving,3,17,17.647058823529413,Supporting
29493,iOS Developer,java,3,17,17.647058823529413,Supporting
29494,iOS Developer,product management,3,17,17.647058823529413,Supporting
29495,iOS Developer,leadership,3,17,17.647058823529413,Supporting
29496,iOS Developer,javascript,2,17,11.76470588235294,Supporting
29497,iOS Developer,jenkins,2,17,11.76470588235294,Supporting
29498,iOS Developer,graphql,2,17,11.76470588235294,Supporting
29499,iOS Developer,firebase,1,17,5.88235294117647,Supporting
29500,iOS Developer,sqlite,1,17,5.88235294117647,Supporting
29501,iOS Developer,spring boot,1,17,5.88235294117647,Supporting
29502,iOS Developer,collaboration,1,17,5.88235294117647,Supporting
29503,iOS Developer,kotlin,1,17,5.88235294117647,Supporting
29504,iOS Developer,react native,1,17,5.88235294117647,Supporting
29505,iOS Developer,flutter,1,17,5.88235294117647,Supporting
29506,iOS Developer,design patterns,1,17,5.88235294117647,Supporting
29507,iOS Developer,react,1,17,5.88235294117647,Supporting
29508,iOS Developer,r,1,17,5.88235294117647,Supporting
29509,iOS Developer,teamwork,1,17,5.88235294117647,Supporting
29510,iOS Developer,html,1,17,5.88235294117647,Supporting
29511,iOS Developer,css,1,17,5.88235294117647,Supporting
29512,iOS Developer,prototyping,1,17,5.88235294117647,Supporting
